Nome,cargo.partido,pontuação inicial,presença,privilégios,participação,processos,outros,qualidade,pontuação
Evandro Costa Milhomen (Evandro Milhomen),Deputado Federal - PCdoB,200,-15,-40,0,0,10,-155,0
Fernando Bezerra de Souza Coelho Filho (Fernando Coelho Filho),Deputado Federal - PSB,200,-40,-30,0,0,20,-148,2
Lázaro Botelho Martins (Lázaro Botelho),Deputado Federal - PP,200,50,-25,0,-75,10,-158,2
Manuel Rosa da Silva (Manuel Rosa Neca),Deputado Federal - PR,200,40,95,0,-325,0,-7,3
Benedito de Lira (Benedito de Lira),Senador - PP,200,Não disponível,35,-10,0,-30,-190,5
Dilceu João Sperafico (Dilceu Sperafico),Deputado Federal - PP,200,55,-20,0,-150,-10,-70,5
Roberto Pereira de Britto (Roberto Britto),Deputado Federal - PP,200,65,-35,0,-125,0,-100,5
Pedro Novais Lima (Pedro Novais),Deputado Federal - PMDB,200,-30,-20,0,-100,-20,-24,6
Angelo Carlos Vanhoni (Angelo Vanhoni),Deputado Federal - PT,200,-75,-30,0,0,20,-108,7
Alexandre Rubio Roso (Alexandre Roso),Deputado Federal - PSB,200,-50,0,0,-125,0,-17,8
Johnathan Pereira de Jesus (Jhonatan de Jesus),Deputado Federal - PRB,200,-85,-10,0,-125,20,9,9
Gladson de Lima Cameli (Gladson Cameli),Deputado Federal - PP,200,-35,-40,0,-25,0,-90,10
Marinha Célia Rocha Raupp de Matos (Marinha Raupp),Deputado Federal - PMDB,200,10,-25,0,-100,0,-75,10
Wellington Antonio Fagundes (Wellington Fagundes),Deputado Federal - PR,200,-55,-5,0,-100,10,-39,11
Henrique Eduardo Lyra Alves (Henrique Eduardo Alves),Deputado Federal - PMDB,200,5,-30,0,-100,0,-61,14
Carlos Roberto Massa Júnior (Ratinho Junior),Deputado Federal - PSC,200,-45,10,-10,-100,-10,-30,15
Alex Canziani Silveira (Alex Canziani),Deputado Federal - PTB,200,20,-25,0,-100,-20,-59,16
José Carlos Vieira (José Carlos Vieira),Deputado Federal - PR,200,0,75,0,-350,0,91,16
Epitácio Cafeteira Afonso Pereira (Epitácio Cafeteira),Senador - PTB,200,Não disponível,-15,0,0,-60,-108,17
Givaldo de Sá Gouveia (Givaldo Carimbão),Deputado Federal - PROS,200,-70,-20,0,0,-20,-73,17
Assis Miguel do Couto (Assis do Couto),Deputado Federal - PT,200,-30,-45,0,0,10,-116,19
Pedro Eugênio de Castro Toledo Cabral (Pedro Eugênio),Deputado Federal - PT,200,10,-40,0,-25,0,-126,19
Paulo Sérgio Paranhos de Magalhães (Paulo Magalhães),Deputado Federal - PSD,200,35,-35,0,-250,0,70,20
Reginaldo Lázaro de Oliveira Lopes (Reginaldo Lopes),Deputado Federal - PT,200,-25,-20,0,0,0,-135,20
Vicente Alves de Oliveira (Vicentinho Alves),Senador - PR,200,Não disponível,25,0,-50,-20,-135,20
José Linhares Ponte (José Linhares),Deputado Federal - PP,200,-20,-30,0,0,-30,-99,21
Sílvio Serafim Costa (Silvio Costa),Deputado Federal - PSC,200,-45,-45,0,0,10,-99,21
Nilton Balbino (Nilton Capixaba),Deputado Federal - PTB,200,-15,-5,0,-225,10,57,22
Elcione Therezinha Zahluth Barbalho (Elcione Barbalho),Deputado Federal - PMDB,200,-65,-50,0,0,20,-82,23
José Mentor Guilherme de Mello Netto (José Mentor),Deputado Federal - PT,200,-75,-15,0,0,10,-97,23
Lídice da Mata E Souza (Lídice da Mata),Senador - PSB,200,Não disponível,-15,0,-25,-10,-127,23
Janete Maria Góes Capiberibe (Janete Capiberibe),Deputado Federal - PSB,200,-20,-20,0,-50,10,-96,24
Lael Vieira Varella (Lael Varella),Deputado Federal - DEM,200,-100,-30,0,0,0,-46,24
Francisco Ariosto Holanda (Ariosto Holanda),Deputado Federal - PROS,200,20,-35,0,-25,0,-135,25
Júlio César de Carvalho Lima (Júlio Cesar),Deputado Federal - PSD,200,50,-40,0,-175,0,-10,25
Osmar Ribeiro de Almeida Júnior (Osmar Júnior),Deputado Federal - PCdoB,200,-15,-25,0,-25,10,-120,25
Alice Mazzuco Portugal (Alice Portugal),Deputado Federal - PC do B,200,-15,-35,0,0,10,-132,28
Renato Delmar Molling (Renato Molling),Deputado Federal - PP,200,-5,-30,0,-50,0,-83,32
Angela Maria Gomes Portela (Angela Portela),Senador - PT,200,Não disponível,-30,0,0,10,-147,33
Protógenes Pinheiro de Queiroz (Delegado Protógenes),Deputado Federal - PCdoB,200,15,5,0,-225,20,18,33
José Wellington Barroso de Araujo Dias (Wellington Dias),Senador - PT,200,Não disponível,-30,0,-150,20,-6,34
Sandra Maria da Escóssia Rosado (Sandra Rosado),Deputado Federal - PSB,200,-45,-50,0,0,10,-81,34
Antonio Carlos de Mendes Thame (Antonio Carlos Mendes Thame),Deputado Federal - PSDB,200,15,10,0,-350,-10,170,35
Cleber Verde Cordeiro Mendes (Cleber Verde),Deputado Federal - PRB,200,5,-35,0,-50,0,-85,35
Francisco Vieira Sampaio (Chico Das Verduras),Deputado Federal - PRP,200,75,35,10,-325,-10,50,35
Marcelo Costa E Castro (Marcelo Castro),Deputado Federal - PMDB,200,-10,-45,0,-25,-10,-75,35
Sérgio Luís Lacerda Brito (Sérgio Brito),Deputado Federal - PSD,200,-65,-30,0,0,0,-70,35
Vicente Ferreira de Arruda Coelho (Vicente Arruda),Deputado Federal - PROS,200,-85,-35,0,0,0,-45,35
Bonifácio José Tamm de Andrada (Bonifácio de Andrada),Deputado Federal - PSDB,200,-80,25,-10,-125,-20,46,36
Devanir Ribeiro (Devanir Ribeiro),Deputado Federal - PT,200,-10,-25,0,0,10,-139,36
Filipe de Almeida Pereira (Filipe Pereira),Deputado Federal - PSC,200,-55,15,0,0,0,-123,37
Anselmo de Jesus Abreu (Anselmo de Jesus),Deputado Federal - PT,200,-30,0,0,-25,10,-117,38
Átila Sidney Lins Albuquerque (Átila Lins),Deputado Federal - PSD,200,-25,-45,-20,0,-20,-52,38
Eurico Pinheiro Bernardes Junior (Eurico Júnior),Deputado Federal - PV,200,30,55,0,-200,-20,-27,38
Odilio Balbinotti (Odílio Balbinotti),Deputado Federal - PMDB,200,-15,0,0,-25,-50,-72,38
Pedro Pinheiro Chaves (Pedro Chaves),Deputado Federal - PMDB,200,30,-5,0,-100,20,-107,38
Maria Perpétua de Almeida (Perpétua Almeida),Deputado Federal - PCdoB,200,-20,-50,0,0,20,-111,39
João Vicente de Macêdo Claudino (João Vicente Claudino),Senador - PTB,200,Não disponível,-80,0,0,10,-90,40
José Leonardo Costa Monteiro (Leonardo Monteiro),Deputado Federal - PT,200,-30,-25,-10,-25,20,-89,41
Claudio Alberto Castelo Branco Puty (Cláudio Puty),Deputado Federal - PT,200,25,5,0,-250,20,42,42
Welington Coimbra (Lelo Coimbra),Deputado Federal - PMDB,200,-30,-20,0,0,20,-128,42
Antônio Eustáquio Andrade Ferreira (Antônio Andrade),Deputado Federal - PMDB,200,10,0,0,-25,0,-141,44
Fernando Affonso Collor de Mello (Fernando Collor),Senador - PTB,200,Não disponível,-85,0,-50,-20,-1,44
Esmerino Neri Batista Filho (Miriquinho Batista),Deputado Federal - PT,200,0,0,0,-175,20,0,45
Máriton Benedito de Holanda (Padre Ton),Deputado Federal - PT,200,45,-15,0,-225,20,22,47
Waldemir Moka Miranda de Britto (Waldemir Moka),Senador - PMDB,200,Não disponível,-5,10,0,20,-178,47
Antonio Carlos Martins de Bulhões (Antonio Bulhões),Deputado Federal - PRB,200,55,-25,0,-100,0,-80,50
José Francisco Paes Landim (Paes Landim),Deputado Federal - PTB,200,-25,-45,0,0,-10,-69,51
Adilson Soares (Dr. Adilson Soares),Deputado Federal - PR,200,-40,-10,-10,0,10,-97,53
Fernando Lúcio Giacobo (Giacobo),Deputado Federal - PR,200,-40,-45,0,-25,0,-37,53
Olavo Bilac Pinto Neto (Bilac Pinto),Deputado Federal - PR,200,-5,50,0,-100,-20,-72,53
Cássio Rodrigues da Cunha Lima (Cássio Cunha Lima),Senador - PSDB,200,Não disponível,45,-10,-200,10,9,54
Rosilda de Freitas (Rose de Freitas),Deputado Federal - PMDB,200,-75,-15,0,0,-20,-35,55
Roseane Cavalcante de Freitas (Rosinha da Adefal),Deputado Federal - PTdoB,200,-15,-5,0,-100,0,-24,56
Taumaturgo Lima Cordeiro (Taumaturgo Lima),Deputado Federal - PT,200,-40,-15,-10,-100,20,1,56
Damião Feliciano da Silva (Damião Feliciano),Deputado Federal - PDT,200,30,-30,0,0,-20,-123,57
Fábio Augusto Ramalho Dos Santos (Fábio Ramalho),Deputado Federal - PV,200,-30,-10,-10,-25,0,-68,57
Iracema Maria Portella Nunes Nogueira Lima (Iracema Portella),Deputado Federal - PP,200,-50,5,0,-100,20,-18,57
Urzeni da Rocha Freitas Filho (Urzeni Rocha),Deputado Federal - PSD,200,-80,-5,0,-175,-10,127,57
Wolney Queiroz Maciel (Wolney Queiroz),Deputado Federal - PDT,200,-15,-20,0,0,10,-118,57
Arthur César Pereira de Lira (Arthur Lira),Deputado Federal - PP,200,-25,40,0,-150,-20,13,58
Jose Luiz Stédile (Jose Stédile),Deputado Federal - PSB,200,85,-10,0,-200,10,-26,59
Alexandre José Dos Santos (Alexandre Santos),Deputado Federal - PMDB,200,0,0,0,-100,0,-39,61
Valmir Carlos da Assunção (Valmir Assunção),Deputado Federal - PT,200,-10,5,0,-125,0,-9,61
Manoel Salviano Sobrinho (Manoel Salviano),Deputado Federal - PSD,200,-55,-40,0,-50,10,-3,62
Nelson Meurer (Nelson Meurer),Deputado Federal - PP,200,35,-35,-10,0,-40,-86,64
José Renan Vasconcelos Calheiros Filho (Renan Filho),Deputado Federal - PMDB,200,-65,5,-20,-125,20,50,65
José Barroso Pimentel (José Pimentel),Senador - PT,200,Não disponível,-20,0,0,10,-123,67
Carlos Alberto Rolim Zarattini (Carlos Zarattini),Deputado Federal - PT,200,25,-35,0,0,0,-122,68
Cândido Elpídio de Souza Vaccarezza (Cândido Vaccarezza),Deputado Federal - PT,200,-35,-20,0,0,20,-96,69
Márcio Luiz França Gomes (Márcio França),Deputado Federal - PSB,200,-60,10,-5,-25,20,-71,69
José Saraiva Felipe (Saraiva Felipe),Deputado Federal - PMDB,200,-55,-20,0,0,10,-65,70
Fábio Salustino Mesquita de Faria (Fábio Faria),Deputado Federal - PSD,200,-65,-25,0,0,10,-49,71
Odair José da Cunha (Odair Cunha),Deputado Federal - PT,200,-20,-25,10,0,0,-94,71
Jacob Alfredo Stoffels Kaefer (Alfredo Kaefer),Deputado Federal - PSDB,200,-10,-30,0,-225,20,117,72
José Henrique Oliveira (Henrique Oliveira),Deputado Federal - SDD,200,-10,-5,0,-100,-40,27,72
Luis Carlos Heinze (Luis Carlos Heinze),Deputado Federal - PP,200,45,-45,0,-25,0,-103,72
Vinicius de Azevedo Gurgel (Vinicius Gurgel),Deputado Federal - PR,200,-125,-5,0,-25,0,27,72
átila Freitas Lira (átila Lira),Deputado Federal - PSB,200,-15,55,0,0,-30,-137,73
Luiz Paulo Teixeira Ferreira (Paulo Teixeira),Deputado Federal - PT,200,45,-25,0,-25,20,-141,74
Paulo Rubem Santiago Ferreira (Paulo Rubem Santiago),Deputado Federal - PDT,200,-30,-45,0,0,10,-61,74
George Hilton Dos Santos Cecílio (George Hilton),Deputado Federal - PRB,200,-20,-20,0,0,-20,-65,75
Márcio Henrique Junqueira Pereira (Marcio Junqueira),Deputado Federal - PROS,200,5,10,0,-225,-50,135,75
José Roberto Santiago Gomes (Roberto Santiago),Deputado Federal - PSD,200,60,-5,0,-100,0,-78,77
Carlos Eduardo Vieira da Cunha (Vieira da Cunha),Deputado Federal - PDT,200,30,-30,0,0,20,-142,78
João Paulo Lima E Silva (João Paulo Lima),Deputado Federal - PT,200,40,10,20,-225,20,13,78
Júlio César Delgado (Júlio Delgado),Deputado Federal - PSB,200,50,-30,20,-100,0,-62,78
Francisco Mozarildo de Melo Cavalcanti (Mozarildo Cavalcanti),Senador - PTB,200,Não disponível,-95,0,-25,-20,20,80
Luiza Erundina de Sousa (Luiza Erundina),Deputado Federal - PSB,200,50,-5,0,-25,10,-150,80
Sétimo Waquim (Professor Setimo),Deputado Federal - PMDB,200,-40,-35,0,0,20,-65,80
Enio Egon Bergmann Bacci (Enio Bacci),Deputado Federal - PDT,200,-45,-40,0,-25,20,-28,82
Marco Aurélio Ubiali (Dr. Ubiali),Deputado Federal - PSB,200,45,-15,10,0,0,-158,82
Simão Sessim (Simão Sessim),Deputado Federal - PP,200,45,-20,-10,0,-60,-72,83
Dionilso Mateus Marcon (Marcon),Deputado Federal - PT,200,-50,10,0,-75,10,-11,84
Valtenir Luiz Pereira (Valtenir Pereira),Deputado Federal - PROS,200,55,-30,0,0,0,-138,87
Marçal Gonçalves Leite Filho (Marçal Filho),Deputado Federal - PMDB,200,35,-30,0,-125,-10,18,88
Edson Edinho Coelho Araújo (Edinho Araújo),Deputado Federal - PMDB,200,95,15,0,-300,-10,89,89
Eduardo Henrique da Fonte de Albuquerque Silva (Eduardo da Fonte),Deputado Federal - PP,200,-20,-15,0,0,10,-85,90
Miguel Corrêa da Silva Júnior (Miguel Corrêa),Deputado Federal - PT,200,-100,-15,0,0,10,-5,90
Osmar Gasparini Terra (Osmar Terra),Deputado Federal - PMDB,200,-45,-5,0,-100,20,20,90
Genecias Mateus Noronha (Genecias Noronha),Deputado Federal - SDD,200,-30,5,0,-125,0,41,91
Armando de Queiroz Monteiro Neto (Armando Monteiro),Senador - PTB,200,Não disponível,-10,0,0,0,-98,92
José Airton Félix Cirilo da Silva (José Airton),Deputado Federal - PT,200,-25,-40,0,-100,10,47,92
Marco Aurélio Spall Maia (Marco Maia),Deputado Federal - PT,200,-5,-15,0,-50,10,-48,92
Luiz Fernando Ramos Faria (Luiz Fernando Faria),Deputado Federal - PP,200,-10,-20,0,0,0,-77,93
Marcelo Bezerra Crivella (Marcelo Crivella),Senador - PRB,200,Não disponível,20,-10,0,20,-137,93
Francisco Oswaldo Neves Dornelles (Francisco Dornelles),Senador - PP,200,Não disponível,-70,0,0,-20,-16,94
Íris de Araújo Rezende Machado (Íris de Araújo),Deputado Federal - PMDB,200,-10,-5,0,-25,20,-86,94
Janete Rocha Pietá (Janete Rocha Pietá),Deputado Federal - PT,200,45,-30,0,0,20,-141,94
Maria do Rosário Nunes (Maria do Rosário),Deputado Federal - PT,200,-85,45,-10,-25,-10,-21,94
Vilson Luiz Covatti (Vilson Covatti),Deputado Federal - PP,200,-10,-45,0,0,20,-71,94
Inocêncio Gomes de Oliveira (Inocêncio Oliveira),Deputado Federal - PR,200,35,15,-10,-75,-30,-39,96
Lourival Mendes da Fonseca Filho (Lourival Mendes),Deputado Federal - PTdoB,200,15,10,20,-100,-10,-39,96
José Alves Rocha (José Rocha),Deputado Federal - PR,200,45,-35,0,0,0,-112,98
Nelson Vicente Portela Pellegrino (Nelson Pellegrino),Deputado Federal - PT,200,-40,0,0,0,0,-61,99
Walter da Rocha Tosta (Walter Tosta),Deputado Federal - PSD,200,-80,10,0,0,0,-31,99
Darcísio Paulo Perondi (Darcísio Perondi),Deputado Federal - PMDB,200,-20,-45,0,-25,20,-30,100
Gilberto José Spier Vargas (Pepe Vargas),Deputado Federal - PT,200,35,15,0,0,0,-150,100
Zacarias Vilharba (Vilalba),Deputado Federal - PP,200,25,10,0,-100,-10,-25,100
José Alfonso Ebert Hamm (Afonso Hamm),Deputado Federal - PP,200,10,-35,0,0,20,-93,102
Vicente Paulo da Silva (Vicentinho),Deputado Federal - PT,200,-30,-10,-20,0,20,-58,102
João Felipe de Souza Leão (João Leão),Deputado Federal - PP,200,-35,5,0,0,0,-67,103
José Wellington Roberto (Wellington Roberto),Deputado Federal - PR,200,-5,-30,0,0,-20,-42,103
Josias Gomes da Silva (Josias Gomes),Deputado Federal - PT,200,0,5,0,-100,0,-2,103
Bernardo de Vasconcellos Moreira (Bernardo Santana de Vasconcellos),Deputado Federal - PR,200,5,15,0,-125,20,-11,104
Eduardo Alves do Amorim (Eduardo Amorim),Senador - PSC,200,Não disponível,25,0,0,10,-131,104
Gabriel Benedito Issaac Chalita (Gabriel Chalita),Deputado Federal - PMDB,200,-10,30,0,-125,0,9,104
Fernando Dantas Torres (Fernando Torres),Deputado Federal - PSD,200,5,25,-10,-125,-10,21,106
Iriny Nicolau Corres Lopes (Iriny Lopes),Deputado Federal - PT,200,-5,0,0,0,10,-97,108
Edson Santos de Souza (Edson Santos),Deputado Federal - PT,200,10,-5,10,-50,0,-56,109
Lincoln Diniz Portela (Lincoln Portela),Deputado Federal - PR,200,85,-35,20,-125,-10,-26,109
Luiz Gonzaga Patriota (Gonzaga Patriota),Deputado Federal - PSB,200,60,-45,0,0,-10,-96,109
Maria do Socorro Jô Moraes (Jô Moraes),Deputado Federal - PCdoB,200,60,-20,0,0,20,-150,110
Reinaldo Azambuja Silva (Reinaldo Azambuja),Deputado Federal - PSDB,200,40,10,0,-150,0,10,110
Edison Lobão Filho (Lobão Filho),Senador - PMDB,200,Não disponível,-15,0,-100,10,16,111
Francisco Lopes da Silva (Chico Lopes),Deputado Federal - PCdoB,200,70,-40,10,0,0,-129,111
Rebecca Martins Garcia (Rebecca Garcia),Deputado Federal - PP,200,5,20,0,0,0,-111,114
Ságuas Moraes Sousa (Ságuas Moraes),Deputado Federal - PT,200,40,60,-30,-150,20,-26,114
José Severiano Chaves (José Chaves),Deputado Federal - PTB,200,-15,-30,0,0,-20,-20,115
Luiz Carlos Ghiorzzi Busato (Luiz Carlos Busato),Deputado Federal - PTB,200,-50,55,0,0,10,-99,116
Carlos Humberto Mannato (Manato),Deputado Federal - SDD,200,20,-30,0,0,0,-73,117
Édio Vieira Lopes (Édio Lopes),Deputado Federal - PMDB,200,20,-50,0,0,10,-62,118
Jaime Martins Filho (Jaime Martins),Deputado Federal - PSD,200,5,-20,10,0,0,-75,120
Manuela Pinto Vieira D'ávila (Manuela D'ávila),Deputado Federal - PCdoB,200,-65,-20,10,0,0,-5,120
Irajá Silvestre Filho (Irajá Abreu),Deputado Federal - PSD,200,-75,15,0,-25,10,-4,121
Humberto Sérgio Costa Lima (Humberto Costa),Senador - PT,200,Não disponível,-15,-10,-50,20,-23,122
Julio Luiz Baptista Lopes (Julio Lopes),Deputado Federal - PP,200,-35,100,-30,-125,10,2,122
Milton Antonio Casquel Monti (Milton Monti),Deputado Federal - PR,200,45,-15,0,0,0,-106,124
Rodrigo Sobral Rollemberg (Rodrigo Rollemberg),Senador - PSB,200,Não disponível,100,10,-25,20,-180,125
Dimas Fabiano Toledo Júnior (Dimas Fabiano),Deputado Federal - PP,200,0,20,0,-100,0,6,126
Nilson Pinto de Oliveira (Nilson Pinto),Deputado Federal - PSDB,200,-165,15,0,0,10,67,127
Cyro Miranda Gifford Júnior (Cyro Miranda),Senador - PSDB,200,Não disponível,25,0,0,10,-104,131
Otoniel Carlos de Lima (Otoniel Lima),Deputado Federal - PRB,200,40,0,0,-100,-20,12,132
Benedita Souza da Silva Sampaio (Benedita da Silva),Deputado Federal - PT,200,10,20,0,-125,20,11,136
Walter de Freitas Pinheiro (Walter Pinheiro),Senador - PT,200,Não disponível,25,10,0,10,-109,136
Camilo Cola (Camilo Cola),Deputado Federal - PMDB,200,-5,80,0,-50,-10,-78,137
João Ananias Vasconcélos Neto (João Ananias),Deputado Federal - PCdoB,200,-10,-10,0,0,10,-53,137
Luiz Sérgio Nóbrega de Oliveira (Luiz Sérgio),Deputado Federal - PT,200,5,10,0,0,10,-88,137
João José de Arruda Júnior (João Arruda),Deputado Federal - PMDB,200,50,10,0,-200,20,58,138
Paulo César da Guia Almeida (Dr. Paulo César),Deputado Federal - PR,200,-25,-30,0,-25,-10,28,138
Domingos Gomes de Aguiar Neto (Domingos Neto),Deputado Federal - PROS,200,15,20,0,-100,10,-6,139
Leopoldo Costa Meyer (Leopoldo Meyer),Deputado Federal - PSB,200,70,25,0,-100,0,-54,141
Luciano de Souza Castro (Luciano Castro),Deputado Federal - PR,200,-20,-25,0,0,-30,16,141
Luiz Roberto de Albuquerque (Beto Albuquerque),Deputado Federal - PSB,200,10,30,0,-50,20,-68,142
Ana Rita Esgario (Ana Rita),Senador - PT,200,Não disponível,5,0,0,20,-82,143
Edson Bez de Oliveira (Edinho Bez),Deputado Federal - PMDB,200,70,-50,0,-25,20,-71,144
Antônio Pinheiro Júnior (Toninho Pinheiro),Deputado Federal - PP,200,-10,15,10,-100,-20,50,145
Cesar Hanna Halum (César Halum),Deputado Federal - PRB,200,20,-5,0,-100,0,31,146
José Aníbal Peres de Pontes (José Aníbal),Deputado Federal - PSDB,200,-85,60,0,-100,-20,93,148
Jerônimo Pizzolotto Goergen (Jerônimo Goergen),Deputado Federal - PP,200,5,0,0,-100,10,34,149
Nelson Marquezelli (Nelson Marquezelli),Deputado Federal - PTB,200,55,-25,-10,-50,-10,-11,149
Lúcio Dutra Vale (Lúcio Vale),Deputado Federal - PR,200,30,-15,0,0,20,-85,150
Marcelo Viviani Gonçalves (Marcelo Matos),Deputado Federal - PDT,200,20,20,0,-75,10,-22,153
Adrian Mussi Ramos (Adrian),Deputado Federal - PMDB,200,-20,30,0,-100,10,35,155
João Durval Carneiro (João Durval),Senador - PDT,200,Não disponível,-55,-10,0,-20,42,157
Armando Vergílio Dos Santos Júnior (Armando Vergílio),Deputado Federal - SSD,200,-30,30,-10,-100,0,68,158
Benjamin Gomes Maranhão Neto (Benjamin Maranhão),Deputado Federal - SDD,200,20,10,0,-125,10,43,158
Carlos Mauro Cabral Benevides (Mauro Benevides),Deputado Federal - PMDB,200,80,-35,0,-25,0,-60,160
Fernando Dantas Ferro (Fernando Ferro),Deputado Federal - PT,200,45,-35,0,-25,10,-35,160
Gustavo Lemos Petta (Gustavo Petta),Deputado Federal - PCdoB,200,0,90,0,-125,0,-5,160
Hugo Napoleão do Rego Neto (Hugo Napoleão),Deputado Federal - PSD,200,20,5,0,-100,-20,55,160
Ana Amélia de Lemos (Ana Amélia),Senador - PP,200,Não disponível,60,10,0,20,-128,162
Mauro Ribeiro Lopes (Mauro Lopes),Deputado Federal - PMDB,200,-25,-25,0,0,10,2,162
Carlos Orleans Brandão Junior (Carlos Brandão),Deputado Federal - PSDB,200,45,-30,0,-100,0,48,163
José Almeida Lima (Almeida Lima),Deputado Federal - PMDB,200,-65,-25,0,0,0,53,163
Luci Teresinha Koswoski Choinacki (Luci Choinacki),Deputado Federal - PT,200,-25,0,0,0,10,-22,163
Renzo do Amaral Braz (Renzo Braz),Deputado Federal - PP,200,-40,25,0,0,0,-22,163
Vital do Rêgo Filho (Vital do Rêgo),Senador - PMDB,200,Não disponível,0,0,-25,0,-10,165
Manoel Alves da Silva Junior (Manoel Junior),Deputado Federal - PMDB,200,35,-40,0,0,0,-27,168
Hermes Parcianello (Hermes Parcianello),Deputado Federal - PMDB,200,-40,-25,0,0,10,24,169
João Eduardo Dado Leite de Carvalho (João Dado),Deputado Federal - SDD,200,65,-20,0,0,-20,-55,170
Marcelo Theodoro de Aguiar (Marcelo Aguiar),Deputado Federal - DEM,200,-5,5,-10,-25,10,-5,170
Raul da Silva Lima Sobrinho (Raul Lima),Deputado Federal - PP,200,-35,-5,0,-25,0,35,170
Felipe Leone Bornier de Oliveira (Felipe Bornier),Deputado Federal - PSD,200,50,-15,0,0,10,-74,171
Augusto Rodrigues Coutinho de Melo (Augusto Coutinho),Deputado Federal - SDD,200,40,5,0,-50,0,-22,173
Elvino José Bohn Gass (Bohn Gass),Deputado Federal - PT,200,-25,5,0,0,20,-27,173
Guilherme Mussi Ferreira (Guilherme Mussi),Deputado Federal - PP,200,-65,15,-10,0,10,23,173
Jair Messias Bolsonaro (Jair Bolsonaro),Deputado Federal - PP,200,30,-20,0,-50,-40,53,173
Luiz Otavio Oliveira Campos (Luiz Otavio),Deputado Federal - PMDB,200,20,85,0,-125,-10,4,174
Miro Teixeira (Miro Teixeira),Deputado Federal - PROS,200,0,70,0,0,0,-95,175
Randolph Frederich Rodrigues Alves (Randolfe Rodrigues),Senador - PSOL,200,Não disponível,-15,0,0,10,-17,178
Edson Sampaio Pimenta (Edson Pimenta),Deputado Federal - PSD,200,-10,0,0,-25,0,14,179
Márcio Carlos Marinho (Márcio Marinho),Deputado Federal - PRB,200,15,-45,0,0,0,9,179
Roberto João Pereira Freire (Roberto Freire),Deputado Federal - PPS,200,-35,15,0,0,0,-1,179
Rodrigo Garcia (Rodrigo Garcia),Deputado Federal - DEM,200,-15,90,-10,-100,20,-6,179
Paulo Roberto Barreto Bornhausen (Paulo Bornhausen),Deputado Federal - DEM,200,-145,50,0,0,-10,85,180
Ronaldo Miro Zülke (Ronaldo Zulke),Deputado Federal - PT,200,0,5,0,0,0,-24,181
Acelino Freitas (Acelino Popó),Deputado Federal - PRB,200,-30,5,0,0,10,-3,182
Inácio Francisco de Assis Nunes Arruda (Inácio Arruda),Senador - PC do B,200,Não disponível,-65,0,0,10,37,182
Assis Flávio da Silva Melo (Assis Melo),Deputado Federal - PCdoB,200,10,0,0,0,10,-37,183
Domingos Sávio Campos Resende (Domingos Sávio),Deputado Federal - PSDB,200,-5,15,0,-25,20,-22,183
Afonso Bandeira Florence (Afonso Florence),Deputado Federal - PT,200,45,35,0,-100,20,-16,184
Joseli ângelo Agnolin (ângelo Agnolin),Deputado Federal - PDT,200,55,0,0,-75,-10,15,185
Bruna Dias Furlan (Bruna Furlan),Deputado Federal - PSDB,200,40,15,0,-100,20,11,186
João Alberto Rodrigues Capiberibe (João Capiberibe),Senador - PSB,200,Não disponível,-5,10,-75,10,46,186
Izalci Lucas Ferreira (Izalci),Deputado Federal - PSDB,200,90,20,0,-150,-20,47,187
Jorge Wicks Côrte Real (Jorge Côrte Real),Deputado Federal - PTB,200,-30,5,0,0,20,-8,187
Luiz Carlos Gomes Dos Santos Junior (Luiz Carlos),Deputado Federal - PSDB,200,-50,-10,0,0,20,27,187
Mário Couto Filho (Mário Couto),Senador - PSDB,200,Não disponível,-75,20,-100,0,142,187
Eunício Lopes de Oliveira (Eunício Oliveira),Senador - PMDB,200,Não disponível,100,-10,0,20,-122,188
Erivelton Lima Santana (Erivelton Santana),Deputado Federal - PSC,200,-40,10,0,-50,10,59,189
Jandira Feghali (Jandira Feghali),Deputado Federal - PCdoB,200,-25,25,-10,0,20,-21,189
José Olimpio Silveira Moraes (Missionário José Olimpio),Deputado Federal - PP,200,-25,10,0,0,0,4,189
Aureo Lidio Moreira Ribeiro (Aureo),Deputado Federal - SDD,200,0,15,0,0,0,-25,190
Roberto Requião de Mello E Silva (Roberto Requião),Senador - PMDB,200,Não disponível,10,10,-50,20,2,192
Glauber de Medeiros Braga (Glauber Braga),Deputado Federal - PSB,200,35,-5,0,0,20,-57,193
Luiz Albuquerque Couto (Luiz Couto),Deputado Federal - PT,200,85,-15,0,0,20,-97,193
Márcio Miguel Bittar (Marcio Bittar),Deputado Federal - PSDB,200,-60,0,0,0,0,53,193
Liliam Sá de Paula (Liliam Sá),Deputado Federal - PROS,200,0,15,0,0,-10,-11,194
Osmar José Serraglio (Osmar Serraglio),Deputado Federal - PMDB,200,60,-35,0,0,10,-41,194
Francisco Floriano de Sousa Silva (Francisco Floriano),Deputado Federal - PR,200,-30,10,0,0,0,18,198
José Luiz de França Penna (Penna),Deputado Federal - PV,200,60,0,0,-50,10,-22,198
Marco Antônio Feliciano (Pastor Marco Feliciano),Deputado Federal - PSC,200,15,15,-30,-75,20,54,199
Eduardo Matarazzo Suplicy (Eduardo Suplicy),Senador - PT,200,Não disponível,40,20,0,10,-69,201
Jean Wyllys de Matos Santos (Jean Wyllys),Deputado Federal - PSOL,200,20,20,10,0,20,-69,201
Luiz Fernando Arantes Machado (Luiz Fernando Machado),Deputado Federal - PSDB,200,10,15,0,-50,10,16,201
Delcídio do Amaral Gomez (Delcídio do Amaral),Senador - PT,200,Não disponível,-50,-10,-25,10,77,202
Maria de Fátima Bezerra (Fátima Bezerra),Deputado Federal - PT,200,15,-35,0,0,20,2,202
Anderson Ferreira Rodrigues (Anderson Ferreira),Deputado Federal - PR,200,-40,5,0,0,10,28,203
Edson Silva (Edson Silva),Deputado Federal - PROS,200,-20,35,0,0,-20,8,203
Raimundo Coimbra Júnior (Júnior Coimbra),Deputado Federal - PMDB,200,20,0,0,-100,20,63,203
Antonio Carlos Biffi (Biffi),Deputado Federal - PT,200,5,-35,0,0,10,24,204
Luiz Alberto Silva Dos Santos (Luiz Alberto),Deputado Federal - PT,200,45,-40,0,0,0,0,205
Mara Cristina Gabrilli (Mara Gabrilli ),Deputado Federal - PSDB,200,-40,15,0,0,20,11,206
Florisvaldo Fier (Dr. Rosinha),Deputado Federal - PT,200,20,-5,0,0,20,-28,207
Francisco Danilo Bastos Forte (Danilo Forte),Deputado Federal - PMDB,200,45,0,0,-100,20,42,207
Gabriel Guimarães de Andrade (Gabriel Guimarães),Deputado Federal - PT,200,5,15,0,0,20,-33,207
Geraldo Thadeu Pedreira Dos Santos (Geraldo Thadeu),Deputado Federal - PSD,200,20,-40,0,-25,0,52,207
José Wilson Santiago Filho (Wilson Filho),Deputado Federal - PTB,200,-5,5,0,0,20,-12,208
José Carlos Leão de Araújo (José Carlos Araújo),Deputado Federal - PSD,200,70,-40,0,0,0,-21,209
Rogério Mendonça (Rogério Peninha Mendonça),Deputado Federal - PMDB,200,30,5,0,-50,0,24,209
Jorge Ricardo Bittar (Jorge Bittar),Deputado Federal - PT,200,40,50,0,0,20,-100,210
Pedro Fernandes Ribeiro (Pedro Fernandes),Deputado Federal - PTB,200,75,50,0,-100,-10,-5,210
Ruy Manuel Carneiro Barbosa de Aca Belchior (Ruy Carneiro),Deputado Federal - PSDB,200,5,0,10,0,0,-4,211
Carlos Alberto Lopes (Dr. Carlos Alberto),Deputado Federal - PMN,200,30,35,0,0,20,-73,212
Blairo Borges Maggi (Blairo Maggi),Senador - PR,200,Não disponível,100,0,-150,10,53,213
Rodrigo Batista de Castro (Rodrigo de Castro),Deputado Federal - PSDB,200,-70,-15,0,0,0,98,213
Arthur de Oliveira Maia da Silva (Arthur Oliveira Maia),Deputado Federal - SDD,200,-10,10,0,-25,-20,59,214
José Eleonildo Soares (Pinto Itamaraty),Deputado Federal - PSDB,200,-95,-40,0,0,10,139,214
érika Jucá Kokay (Erika Kokay),Deputado Federal - PT,200,85,30,0,-125,20,5,215
Reinhold Stephanes (Reinhold Stephanes),Deputado Federal - PSD,200,30,35,0,0,-20,-30,215
Stepan Nercessian (Stepan Nercessian),Deputado Federal - PPS,200,5,30,0,0,0,-20,215
Vilmar da Silva Rocha (Vilmar Rocha),Deputado Federal - PSD,200,-70,90,0,-25,0,21,216
Fernando Destito Francischini (Fernando Francischini),Deputado Federal - SDD,200,-25,15,0,0,0,27,217
Marllos Rossano Ribeiro Gonçalves de Sampaio (Marllos Sampaio),Deputado Federal - PMDB,200,-45,-5,0,0,20,47,217
Anibal Diniz (Anibal Diniz),Senador - PT,200,Não disponível,-25,-10,0,20,33,218
João Alberto de Souza (João Alberto Souza),Senador - PMDB,200,Não disponível,20,0,0,10,-12,218
Amir Francisco Lando (Amir Lando),Deputado Federal - PMDB,200,-115,70,0,0,20,45,220
Esperidião Amin Helou Filho (Esperidião Amin),Deputado Federal - PP,200,70,15,0,-125,-10,71,221
José Silva Soares (Zé Silva),Deputado Federal - PDT,200,15,40,0,-25,10,-18,222
Ivan Valente (Ivan Valente),Deputado Federal - PSOL,200,80,-15,10,0,10,-61,224
Jorge Silva (Dr. Jorge Silva),Deputado Federal - PROS,200,10,15,0,0,-20,19,224
Lúcio Quadros Vieira Lima (Lucio Vieira Lima),Deputado Federal - PMDB,200,10,25,0,-25,0,14,224
José Humberto Soares (José Humberto),Deputado Federal - PHS,200,45,15,0,-50,10,5,225
Leonardo Carneiro Monteiro Picciani (Leonardo Picciani),Deputado Federal - PMDB,200,0,40,0,0,20,-35,225
Maria Aparecida Borghetti (Cida Borghetti),Deputado Federal - PROS,200,15,20,0,0,-10,1,226
Paulo Roberto Davim (Paulo Davim),Senador - PV,200,Não disponível,25,0,-25,10,16,226
Francisco Rodrigues de Alencar Filho (Chico Alencar),Deputado Federal - PSOL,200,40,20,10,0,0,-43,227
Nelson Padovani (Nelson Padovani),Deputado Federal - PSC,200,-10,5,0,0,20,12,227
Onyx Dornelles Lorenzoni (Onyx Lorenzoni),Deputado Federal - DEM,200,-5,-40,0,0,0,72,227
Artur José Vieira Bruno (Artur Bruno),Deputado Federal - PT,200,0,-5,0,0,20,15,230
José Benito Priante Júnior (José Priante),Deputado Federal - PMDB,200,-85,60,0,0,10,45,230
Alfredo Helio Syrkis (Alfredo Sirkis),Deputado Federal - PSB,200,35,20,0,-25,10,-9,231
Paulo Roberto Foletto (Paulo Foletto),Deputado Federal - PSB,200,65,10,0,0,20,-64,231
Diego Leonardo de Andrade Carvalho (Diego Andrade),Deputado Federal - PSD,200,0,10,0,0,10,12,232
Onofre Santo Agustini (Onofre Santo Agostini),Deputado Federal - PSD,200,80,10,0,-100,-10,52,232
Arolde de Oliveira (Arolde de Oliveira),Deputado Federal - PSD,200,20,-5,0,0,-10,28,233
Carlos Henrique Focesi Sampaio (Carlos Sampaio),Deputado Federal - PSDB,200,-40,10,0,-50,20,93,233
José Carlos Becker de Oliveira E Silva (Zeca Dirceu),Deputado Federal - PT,200,0,5,0,0,20,8,233
Rodrigo Bethlem Fernandes (Rodrigo Bethlem),Deputado Federal - PMDB,200,-55,80,0,0,0,8,233
Gastão Dias Vieira (Gastão Vieira),Deputado Federal - PMDB,200,20,60,0,0,-20,-26,234
Laercio José de Oliveira (Laercio Oliveira),Deputado Federal - SDD,200,10,5,0,0,0,20,235
Paulo Wagner Leite Dantas (Paulo Wagner),Deputado Federal - PV,200,20,-10,0,0,20,5,235
Eros Ferreira Biondini (Eros Biondini),Deputado Federal - PTB,200,-10,55,0,0,10,-19,236
Flávia Carreiro Albuquerque Morais (Flávia Morais),Deputado Federal - PDT,200,40,10,0,-25,10,1,236
Marcus Vinícius Caetano Pestana da Silva (Marcus Pestana),Deputado Federal - PSDB,200,-15,20,0,0,10,21,236
Vicente Cândido da Silva (Vicente Candido),Deputado Federal - PT,200,25,10,0,-25,20,6,236
Márcio Costa Macêdo (Márcio Macêdo),Deputado Federal - PT,200,40,-5,0,-50,20,32,237
Ronaldo José Benedet (Ronaldo Benedet),Deputado Federal - PMDB,200,25,0,0,-50,0,62,237
Roberto Sérgio Ribeiro Coutinho Teixeira (Roberto Teixeira),Deputado Federal - PP,200,25,10,0,0,0,3,238
Salvador Zimbaldi Filho (Salvador Zimbaldi),Deputado Federal - PROS,200,35,15,0,0,-30,18,238
Paulo Abi-ackel (Paulo Abi-ackel),Deputado Federal - PSDB,200,-65,-35,10,0,-10,139,239
José Agripino Maia (José Agripino),Senador - DEM,200,Não disponível,-25,-10,0,10,67,242
Lúcia Vânia Abrão (Lúcia Vânia),Senador - PSDB,200,Não disponível,-30,0,-25,-10,107,242
Waldenor Alves Pereira Filho (Waldenor Pereira),Deputado Federal - PT,200,25,10,0,0,0,8,243
Renato Simões (Renato Simões),Deputado Federal - PT,200,-30,80,0,0,20,-26,244
Eleuses Vieira de Paiva (Eleuses Paiva),Deputado Federal - PSD,200,35,-5,0,-25,0,41,246
Heuler Abreu Cruvinel (Heuler Cruvinel),Deputado Federal - PSD,200,5,10,0,0,20,11,246
Rodrigo Felinto Ibarra Epitácio Maia (Rodrigo Maia),Deputado Federal - DEM,200,-15,-15,0,0,-20,97,247
Arnaldo Jordy Figueiredo (Arnaldo Jordy),Deputado Federal - PPS,200,25,5,0,0,0,18,248
Francisco Luiz Escórcio Lima (Francisco Escórcio),Deputado Federal - PMDB,200,5,5,0,-25,0,63,248
Hugo Motta Wanderley da Nóbrega (Hugo Motta),Deputado Federal - PMDB,200,25,0,0,0,10,13,248
João Carlos Siqueira (Padre João),Deputado Federal - PT,200,10,10,10,0,20,-1,249
Edmar de Souza Arruda (Edmar Arruda),Deputado Federal - PSC,200,0,10,10,0,0,30,250
José Alberto Oliveira Veloso Filho (Alberto Filho),Deputado Federal - PMDB,200,20,15,-10,0,10,15,250
Sebastião Sibá Machado Oliveira (Sibá Machado),Deputado Federal - PT,200,0,5,0,0,20,25,250
Pedro Jorge Simon (Pedro Simon),Senador - PMDB,200,Não disponível,85,-25,0,10,-19,251
Emiliano José da Silva Filho (Emiliano José),Deputado Federal - PT,200,0,40,0,0,10,2,252
José de Araújo Mendonça Sobrinho (Mendonça Prado),Deputado Federal - DEM,200,-25,-50,0,0,10,119,254
Luiz Henrique Mandetta (Mandetta),Deputado Federal - DEM,200,20,5,-10,0,20,19,254
Wandenkolk Pasteur Gonçalves (Wandenkolk Gonçalves),Deputado Federal - PSDB,200,-20,-45,0,-25,20,125,255
David Samuel Alcolumbre Tobelem (Davi Alcolumbre),Deputado Federal - DEM,200,-35,-25,0,0,-10,126,256
Pauderney Tomaz Avelino (Pauderney Avelino),Deputado Federal - DEM,200,45,50,0,-25,-20,6,256
Felix de Almeida Mendonça Júnior (Félix Mendonça Júnior),Deputado Federal - PDT,200,80,15,0,-75,10,27,257
Nilmário de Miranda (Nilmário Miranda),Deputado Federal - PT,200,-15,60,0,0,20,-8,257
Jorginho Dos Santos Mello (Jorginho Mello),Deputado Federal - PR,200,20,10,0,0,0,28,258
Andreia Almeida Zito Dos Santos (Andreia Zito),Deputado Federal - PSDB,200,-85,-5,0,0,20,129,259
Stefano Aguiar Dos Santos (Stefano Aguiar),Deputado Federal - PSB,200,-25,45,0,0,20,19,259
Akira Otsubo (Akira Otsubo),Deputado Federal - PMDB,200,-35,55,0,0,-10,51,261
Jose Simplicio Alves de Araujo (Simplício Araújo),Deputado Federal - SDD,200,-15,50,0,0,0,28,263
Rui Costa Dos Santos (Rui Costa),Deputado Federal - PSDB,200,15,80,0,-50,20,-2,263
Jorge de Oliveira (Zoinho),Deputado Federal - PR,200,70,20,0,-25,-20,19,264
Casildo João Maldaner (Casildo Maldaner),Senador - PMDB,200,Não disponível,5,10,0,20,30,265
Arnaldo Faria de Sá (Arnaldo Faria de Sá),Deputado Federal - PTB,200,50,20,0,0,-30,26,266
Eduardo Luiz Barros Barbosa (Eduardo Barbosa),Deputado Federal - PSDB,200,60,-25,0,-100,20,111,266
Iolanda Keiko Miashiro Ota (Keiko Ota),Deputado Federal - PSB,200,60,10,0,0,20,-24,266
Ronaldo Ramos Caiado (Ronaldo Caiado),Deputado Federal - DEM,200,5,-15,10,-100,0,166,266
Ruben Figueiró de Oliveira (Ruben Figueiró),Senador - PSDB,200,Não disponível,70,0,0,-20,17,267
José Nunes Soares (José Nunes),Deputado Federal - PSD,200,10,5,0,0,0,54,269
André Peixoto Figueiredo Lima (André Figueiredo),Deputado Federal - PDT,200,55,0,0,0,10,6,271
Nelson Marchezan Júnior (Nelson Marchezan Junior),Deputado Federal - PSDB,200,25,5,0,0,20,22,272
Efraim de Araújo Morais Filho (Efraim Filho),Deputado Federal - DEM,200,20,-45,0,0,0,98,273
Paulo Fernando Dos Santos (Paulão),Deputado Federal - PT,200,10,50,0,0,20,-7,273
Roberto Alves de Lucena (Roberto de Lucena),Deputado Federal - PV,200,75,5,0,0,0,-5,275
Paulo Roberto Freire da Costa (Paulo Freire),Deputado Federal - PR,200,10,10,0,0,10,47,277
Ricardo de Rezende Ferraço (Ricardo Ferraço),Senador - PMDB,200,Não disponível,30,0,0,-20,70,280
Sergio Zveiter (Sergio Zveiter),Deputado Federal - PSD,200,-40,75,-10,0,0,55,280
Danilo Jorge de Barros Cabral (Danilo Cabral),Deputado Federal - PSB,200,-20,100,0,0,10,-8,282
Ricardo Izar Junior (Ricardo Izar),Deputado Federal - PSD,200,55,15,10,0,0,2,282
Roberto Dorner (Roberto Dorner),Deputado Federal - PSD,200,50,65,0,-25,0,-7,283
José Sarney (José Sarney),Senador - PMDB,200,Não disponível,75,-50,-25,-10,94,284
Arnaldo Calil Pereira Jardim (Arnaldo Jardim),Deputado Federal - PPS,200,15,-25,0,0,10,85,285
João Campos de Araújo (João Campos),Deputado Federal - PSDB,200,-5,-25,0,0,20,95,285
Wilder Pedro de Morais (Wilder Morais),Senador - DEM,200,Não disponível,75,-10,0,20,0,285
Otavio Santos Silva Leite (Otavio Leite),Deputado Federal - PSDB,200,10,-20,0,-25,10,111,286
Aécio Neves da Cunha (Aécio Neves),Senador - PSDB,200,Não disponível,20,0,0,10,57,287
Mario Feitoza de Carvalho Freitas (Mário Feitoza),Deputado Federal - PMDB,200,50,35,0,-25,10,18,288
Vitor Paulo Araújo Dos Santos (Vitor Paulo),Deputado Federal - PRB,200,45,25,0,-25,10,33,288
Weliton Fernandes Prado (Weliton Prado),Deputado Federal - PT,200,55,25,-10,0,20,-1,289
André Zacharow (André Zacharow),Deputado Federal - PMDB,200,0,-10,-10,0,20,90,290
José Mendonça Bezerra Filho (Mendonça Filho),Deputado Federal - DEM,200,15,5,0,0,10,60,290
Luiz Hiloshi Nishimori (Luiz Nishimori),Deputado Federal - PR,200,45,0,0,-25,10,60,290
Maria Lucia Prandi Gomes (Maria Lucia Prandi),Deputado Federal - PT,200,0,85,0,0,10,-5,290
Aguinaldo Velloso Borges Ribeiro (Aguinaldo Ribeiro),Deputado Federal - PP,200,20,80,0,-25,20,-4,291
César Roberto Colnaghi (Cesar Colnago),Deputado Federal - PSDB,200,20,20,0,0,0,51,291
Lauriete Rodrigues Pinto (Lauriete),Deputado Federal - PSC,200,25,45,-10,0,10,21,291
Alexandre Leite da Silva (Alexandre Leite),Deputado Federal - DEM,200,70,25,10,-100,10,77,292
Jorge Tadeu Mudalen (Jorge Tadeu Mudalen),Deputado Federal - DEM,200,15,5,0,0,-20,92,292
Jutahy Magalhães Júnior (Jutahy Junior),Deputado Federal - PSDB,200,-15,-35,0,0,0,142,292
Danrlei de Deus Hinterholz (Danrlei de Deus Hinterholz),Deputado Federal - PSD,200,35,25,0,0,0,33,293
João Dudimar de Azevedo Paxiúba (Dudimar Paxiuba),Deputado Federal - PROS,200,45,10,0,0,-10,48,293
José Carlos Vaz de Lima (Vaz de Lima),Deputado Federal - PSDB,200,45,15,0,0,20,13,293
Thiago Mello Peixoto da Silveira (Thiago Peixoto),Deputado Federal - PSD,200,30,85,0,-25,10,-6,294
Romario de Souza Faria (Romário),Deputado Federal - PSB,200,65,15,30,0,10,-25,295
André Carlos Alves de Paula Filho (André de Paula),Deputado Federal - DEM,200,0,40,0,0,-10,69,299
Raul Jean Louis Henry Júnior (Raul Henry),Deputado Federal - PMDB,200,5,-45,0,0,20,123,303
Rodrigo Moreira Ladeira Grilo (Dr. Grilo),Deputado Federal - SDD,200,60,20,0,0,0,23,303
Hélio Batista Dos Santos (Hélio Santos),Deputado Federal - PSDB,200,15,5,0,0,0,84,304
Cleusa Rosane Ribas Ferreira (Rosane Ferreira),Deputado Federal - PV,200,75,35,0,0,20,-23,307
Gleisi Helena Hoffmann (Gleisi Hoffmann),Senador - PT,200,Não disponível,95,0,0,20,-8,307
Antonio Luiz Paranhos Ribeiro Leite de Brito (Antonio Brito),Deputado Federal - PTB,200,60,10,0,0,20,18,308
Jarbas de Andrade Vasconcelos (Jarbas Vasconcelos),Senador - PMDB,200,Não disponível,-50,10,0,10,138,308
Ivonete Dantas Silva (Ivonete Dantas),Senador - PMDB,200,Não disponível,95,0,0,10,4,309
Luiz Gonzaga Ribeiro (Subtenente Gonzaga),Deputado Federal - PDT,200,5,95,0,0,10,0,310
Vanderlei Siraque (Vanderlei Siraque),Deputado Federal - PT,200,55,30,0,0,20,5,310
Jesus Rodrigues Alves (Jesus Rodrigues),Deputado Federal - PT,200,75,0,0,0,10,26,311
Helcio Antonio da Silva (Helcio Silva),Deputado Federal - PT,200,55,85,0,-25,10,-13,312
Francisco Eurico da Silva (Pastor Eurico),Deputado Federal - PSB,200,70,10,0,0,20,19,319
José Ricardo Alvarenga Tripoli (Ricardo Tripoli),Deputado Federal - PSDB,200,0,-20,0,0,0,141,321
Ataídes de Oliveira (Ataídes Oliveira),Senador - PROS,200,Não disponível,75,10,0,0,37,322
Amauri Santos Teixeira (Amauri Teixeira),Deputado Federal - PT,200,65,25,0,0,20,13,323
Eduardo Francisco Sciarra (Eduardo Sciarra),Deputado Federal - PSD,200,55,-35,0,0,-10,113,323
Francisco Das Chagas Francilino (Francisco Chagas),Deputado Federal - PT,200,40,75,0,-25,20,13,323
Adriano Eli Corrêa (Eli Correa Filho),Deputado Federal - DEM,200,25,40,0,0,0,61,326
Alvaro Fernandes Dias (Alvaro Dias),Senador - PSDB,200,Não disponível,55,20,0,-10,61,326
Iara Bernardi (Iara Bernardi),Deputado Federal - PT,200,50,55,0,0,20,1,326
Ozanilda Gondim Vital do Rego (Nilda Gondim),Deputado Federal - PMDB,200,35,10,0,-25,10,96,326
Alessandro Lucciola Molon (Alessandro Molon),Deputado Federal - PT,200,40,20,0,0,20,47,327
Antonio José Imbassahy da Silva (Antonio Imbassahy),Deputado Federal - PSDB,200,55,10,0,0,10,53,328
Marcos Rogério da Silva Brito (Marcos Rogério),Deputado Federal - PDT,200,70,15,10,0,10,24,329
Fabio de Almeida Reis (Fabio Reis),Deputado Federal - PMDB,200,50,55,0,0,10,16,331
Francisco Everardo Oliveira Silva (Tiririca),Deputado Federal - PR,200,75,45,-10,0,0,22,332
Guilherme Campos Júnior (Guilherme Campos),Deputado Federal - PSD,200,80,-20,-30,-100,10,192,332
Pedro Paulo Carvalho Teixeira (Pedro Paulo),Deputado Federal - PMDB,200,0,100,0,0,10,24,334
Luiz Carlos Jorge Hauly (Luiz Carlos Hauly),Deputado Federal - PSDB,200,60,50,0,-25,-20,70,335
Bruno Cavalcanti de Araújo (Bruno Araújo),Deputado Federal - PSDB,200,-30,-45,0,0,20,191,336
Maria Margarida Martins Salomão (Margarida Salomão),Deputado Federal - PT,200,70,65,10,0,0,-8,337
Ronaldo Fonseca de Souza (Ronaldo Fonseca),Deputado Federal - PROS,200,75,35,0,0,-10,41,341
Fábio Rodrigues de Oliveira (Major Fábio),Deputado Federal - PROS,200,35,5,0,0,0,102,342
José Pedro Gonçalves Taques (Pedro Taques),Senador - PDT,200,Não disponível,25,70,0,20,27,342
Aloysio Nunes Ferreira Filho (Aloysio Nunes Ferreira),Senador - PSDB,200,Não disponível,25,-10,0,0,129,344
Antonio Duarte Nogueira Júnior (Duarte Nogueira),Deputado Federal - PSDB,200,30,-5,-20,0,-20,161,346
Fábio Loureiro Souto (Fábio Souto),Deputado Federal - DEM,200,40,-45,0,0,10,144,349
Rubens Bueno (Rubens Bueno),Deputado Federal - PPS,200,85,30,0,0,0,34,349
Kátia Regina de Abreu (Kátia Abreu),Senador - PSD,200,Não disponível,-20,0,0,10,160,350
Raimundo Gomes de Matos (Raimundo Gomes de Matos),Deputado Federal - PSDB,200,85,-55,0,-25,0,146,351
Sandro Alex Cruz de Oliveira (Sandro Alex),Deputado Federal - PPS,200,80,10,0,0,20,42,352
Luiz Carlos Pietschmann (Luiz Pitiman),Deputado Federal - PSDB,200,75,45,-25,0,10,54,359
Fábio Ricardo Trad (Fábio Trad),Deputado Federal - PMDB,200,90,15,10,0,0,54,369
Roberto Policarpo Fagundes (Policarpo),Deputado Federal - PT,200,95,45,0,0,20,12,372
Jorge Catarino Leonardeli Boeira (Jorge Boeira),Deputado Federal - PP,200,0,100,0,0,10,68,378
Vanderlei Macris (Vanderlei Macris),Deputado Federal - PSDB,200,50,-30,0,0,20,156,396
Cláudio Cajado Sampaio (Claudio Cajado),Deputado Federal - DEM,200,25,-20,0,0,10,184,399
Felipe Catalão Maia (Felipe Maia),Deputado Federal - DEM,200,5,-15,10,0,10,189,399
Maria do Carmo do Nascimento Alves (Maria do Carmo Alves),Senador - DEM,200,Não disponível,45,-10,0,20,155,410
Luiz Barbosa de Deus (Luiz de Deus),Deputado Federal - DEM,200,80,55,0,0,0,77,412
Arlindo Chignalia Junior (Arlindo Chinaglia),Deputado Federal - PT,200,35,25,20,0,20,121,421
Fernando de Souza Flexa Ribeiro (Flexa Ribeiro),Senador - PSDB,200,Não disponível,-55,0,0,20,269,434
Cristovam Ricardo Cavalcanti Buarque (Cristovam Buarque),Senador - PDT,200,Não disponível,70,40,0,10,119,449
José Antônio Machado Reguffe (Reguffe),Deputado Federal - PDT,200,100,95,60,-25,20,68,518
Abelardo Luiz Lupion Mello (Abelardo Lupion),Deputado Federal - DEM,-,-,-,-,-,-,-,NR
Acir Marcos Gurgacz (Acir Gurgacz),Senador - PDT,-,Não disponível,-,-,-,-,-,NR
Ademir Camilo Prates Rodrigues (Ademir Camilo),Deputado Federal - PROS,-,-,-,-,-,-,-,NR
Aelton José de Freitas (Aelton Freitas),Deputado Federal - PR,-,-,-,-,-,-,-,NR
Alceu Moreira da Silva (Alceu Moreira),Deputado Federal - PMDB,-,-,-,-,-,-,-,NR
Alexandre Silveira de Oliveira (Alexandre Silveira),Deputado Federal - PPS,-,-,-,-,-,-,-,NR
Alfredo Pereira do Nascimento (Alfredo Nascimento),Senador - PR,-,Não disponível,-,-,-,-,-,NR
Aline Lemos Corrêa de Oliveira Andrade (Aline Corrêa),Deputado Federal - PP,-,-,-,-,-,-,-,NR
André Luis Dantas Ferreira (Andre Moura),Deputado Federal - PSC,-,-,-,-,-,-,-,NR
André Luiz Vargas Ilário (Andre Vargas),Deputado Federal - PT,-,-,-,-,-,-,-,NR
Aníbal Ferreira Gomes (Aníbal Gomes),Deputado Federal - PMDB,-,-,-,-,-,-,-,NR
Anthony William Garotinho Matheus de Oliveira (Anthony Garotinho),Deputado Federal - PR,-,-,-,-,-,-,-,NR
Antônia Luciléia Cruz Ramos Câmara (Antônia Lúcia),Deputado Federal - PSC,-,-,-,-,-,-,-,NR
Antonio Balhmann Cardoso Nunes Filho (Antonio Balhmann),Deputado Federal - PROS,-,-,-,-,-,-,-,NR
Antonio Carlos Rodrigues (Antonio Carlos Rodrigues),Senador - PR,-,Não disponível,-,-,-,-,-,NR
Antonio Carlos Valadares (Antonio Carlos Valadares),Senador - PSB,-,Não disponível,-,-,-,-,-,NR
Antônio Carlos Valadares Filho (Valadares Filho),Deputado Federal - PSB,-,-,-,-,-,-,-,NR
Antônio Eudes Xavier (Eudes Xavier),Deputado Federal - PT,-,-,-,-,-,-,-,NR
Aracely de Paula (Aracely de Paula),Deputado Federal - PR,-,-,-,-,-,-,-,NR
Carlos Alberto Cavalcante de Souza (Carlos Souza),Deputado Federal - PSD,-,-,-,-,-,-,-,NR
Carlos Alberto de Sousa Rosado (Betinho Rosado),Deputado Federal - PP,-,-,-,-,-,-,-,NR
Carlos Eduardo Cintra Da Costa Pereira (Carlos Eduardo Cadoca),Deputado Federal - PCdoB,-,-,-,-,-,-,-,NR
Carlos Eduardo de Souza Braga (Eduardo Braga),Senador - PMDB,-,Não disponível,-,-,-,-,-,NR
Carlos Eduardo Torres Gomes (Eduardo Gomes),Deputado Federal - SDD,-,-,-,-,-,-,-,NR
Carlos Gomes Bezerra (Carlos Bezerra),Deputado Federal - PMDB,-,-,-,-,-,-,-,NR
Carlos Magno Ramos (Carlos Magno),Deputado Federal - PP,-,-,-,-,-,-,-,NR
Celso Maldaner (Celso Maldaner),Deputado Federal - PMDB,-,-,-,-,-,-,-,NR
Cícero de Lucena Filho (Cícero Lucena),Senador - PSDB,-,Não disponível,-,-,-,-,-,NR
Ciro Nogueira Lima Filho (Ciro Nogueira),Senador - PP,-,Não disponível,-,-,-,-,-,NR
Clésio Soares de Andrade (Clésio Andrade),Senador - PMDB,-,Não disponível,-,-,-,-,-,NR
Colbert Martins da Silva Filho (Colbert Martins),Deputado Federal - PMDB,-,-,-,-,-,-,-,NR
Daniel Gomes de Almeida (Daniel Almeida),Deputado Federal - PCdoB,-,-,-,-,-,-,-,NR
Davi Alves Silva Júnior (Davi Alves Silva Júnior),Deputado Federal - PR,-,-,-,-,-,-,-,NR
Décio Nery de Lima (Décio Lima),Deputado Federal - PT,-,-,-,-,-,-,-,NR
Domingos Francisco Dutra Filho (Domingos Dutra),Deputado Federal - SDD,-,-,-,-,-,-,-,NR
Edson Ezequiel de Matos (Edson Ezequiel),Deputado Federal - PMDB,-,-,-,-,-,-,-,NR
Eduardo Cosentino da Cunha (Eduardo Cunha),Deputado Federal - PMDB,-,-,-,-,-,-,-,NR
Eliene José de Lima (Eliene Lima),Deputado Federal - PSD,-,-,-,-,-,-,-,NR
Eliseu Lemos Padilha (Eliseu Padilha),Deputado Federal - PMDB,-,-,-,-,-,-,-,NR
Emanuel Fernandes (Emanuel Fernandes),Deputado Federal - PSDB,-,-,-,-,-,-,-,NR
Fátima Lúcia Pelaes (Fátima Pelaes),Deputado Federal - PMDB,-,-,-,-,-,-,-,NR
Flaviano Flávio Baptista de Melo (Flaviano Melo),Deputado Federal - PMDB,-,-,-,-,-,-,-,NR
Francisco de Assis Carvalho Gonçalves (Assis Carvalho),Deputado Federal - PT,-,-,-,-,-,-,-,NR
Francisco Ednaldo Praciano (Francisco Praciano),Deputado Federal - PT,-,-,-,-,-,-,-,NR
Geraldo Magela Pereira (Magela),Deputado Federal - PT,-,-,-,-,-,-,-,NR
Geraldo Resende Pereira (Geraldo Resende),Deputado Federal - PMDB,-,-,-,-,-,-,-,NR
Geraldo Simões de Oliveira (Geraldo Simões),Deputado Federal - PT,-,-,-,-,-,-,-,NR
Giovanni Corrêa Queiroz (Giovanni Queiroz),Deputado Federal - PDT,-,-,-,-,-,-,-,NR
Henrique Afonso Soares Lima (Henrique Afonso),Deputado Federal - PV,-,-,-,-,-,-,-,NR
Henrique Fontana Júnior (Henrique Fontana),Deputado Federal - PT,-,-,-,-,-,-,-,NR
Hidekazu Takayama (Takayama),Deputado Federal - PSC,-,-,-,-,-,-,-,NR
Hugo Leal Melo da Silva (Hugo Leal),Deputado Federal - PROS,-,-,-,-,-,-,-,NR
Ivo Narciso Cassol (Ivo Cassol),Senador - PP,-,Não disponível,-,-,-,-,-,NR
Jader Fontenelle Barbalho (Jader Barbalho),Senador - PMDB,-,Não disponível,-,-,-,-,-,NR
Jairo Ataíde Vieira (Jairo Ataíde),Deputado Federal - DEM,-,-,-,-,-,-,-,NR
Jânio Natal Andrade Borges (Jânio Natal),Deputado Federal - PRP,-,-,-,-,-,-,-,NR
Jaqueline Maria Roriz (Jaqueline Roriz),Deputado Federal - PMN,-,-,-,-,-,-,-,NR
Jayme Veríssimo Campos (Jayme Campos),Senador - DEM,-,Não disponível,-,-,-,-,-,NR
Jefferson Alves de Campos (Jefferson Campos),Deputado Federal - PSD,-,-,-,-,-,-,-,NR
João Alberto Pizzolatti Júnior (João Pizzolatti),Deputado Federal - PP,-,-,-,-,-,-,-,NR
João Bittar Júnior (João Bittar),Deputado Federal - DEM,-,-,-,-,-,-,-,NR
João Carlos Paolilo Bacelar Filho (João Carlos Bacelar),Deputado Federal - PR,-,-,-,-,-,-,-,NR
João da Silva Maia (João Maia),Deputado Federal - PR,-,-,-,-,-,-,-,NR
João José Pereira de Lyra (João Lyra),Deputado Federal - PSD,-,-,-,-,-,-,-,NR
João Lúcio Magalhães Bifano (João Magalhães),Deputado Federal - PMDB,-,-,-,-,-,-,-,NR
João Luiz Correia Argôlo Dos Santos (Luiz Argôlo),Deputado Federal - SDD,-,-,-,-,-,-,-,NR
João Rodrigues (João Rodrigues),Deputado Federal - DEM,-,-,-,-,-,-,-,NR
João Sandes Júnior (Sandes Júnior),Deputado Federal - PP,-,-,-,-,-,-,-,NR
Joaquim de Lira Maia (Lira Maia),Deputado Federal - DEM,-,-,-,-,-,-,-,NR
Jorge Afonso Argello (Gim),Senador - PTB,-,Não disponível,-,-,-,-,-,NR
Jorge Ney Viana Macedo Neves (Jorge Viana),Senador - PT,-,Não disponível,-,-,-,-,-,NR
José Abelardo Guimarães Camarinha (Abelardo Camarinha),Deputado Federal - PSB,-,-,-,-,-,-,-,NR
José Arnon Cruz Bezerra de Menezes (Arnon Bezerra),Deputado Federal - PTB,-,-,-,-,-,-,-,NR
José Augusto Maia (José Augusto Maia),Deputado Federal - PROS,-,-,-,-,-,-,-,NR
José da Cruz Marinho (Zequinha Marinho),Deputado Federal - PSC,-,-,-,-,-,-,-,NR
José Francisco Cerqueira Tenório (Francisco Tenório),Deputado Federal - PMN,-,-,-,-,-,-,-,NR
José Geraldo Torres da Silva (Zé Geraldo),Deputado Federal - PT,-,-,-,-,-,-,-,NR
José Nobre Guimarães (José Guimarães),Deputado Federal - PT,-,-,-,-,-,-,-,NR
José Otávio Germano (José Otávio Germano),Deputado Federal - PP,-,-,-,-,-,-,-,NR
José Perrella de Oliveira Costa (Zeze Perrella),Senador - PDT,-,Não disponível,-,-,-,-,-,NR
José Renan Vasconcelos Calheiros (Renan Calheiros),Senador - PMDB,-,Não disponível,-,-,-,-,-,NR
José Roberto Oliveira Faro (Beto Faro),Deputado Federal - PT,-,-,-,-,-,-,-,NR
José Sarney Filho (Sarney Filho),Deputado Federal - PV,-,-,-,-,-,-,-,NR
José Vieira Lins (Zé Vieira),Deputado Federal - PROS,-,-,-,-,-,-,-,NR
Josué Bengtson (Josué Bengtson),Deputado Federal - PTB,-,-,-,-,-,-,-,NR
Jovair de Oliveira Arantes (Jovair Arantes),Deputado Federal - PTB,-,-,-,-,-,-,-,NR
Júlio José de Campos (Júlio Campos),Deputado Federal - DEM,-,-,-,-,-,-,-,NR
Junji Abe (Junji Abe),Deputado Federal - PSD,-,-,-,-,-,-,-,NR
Leandro Vilela Velloso (Leandro Vilela),Deputado Federal - PMDB,-,-,-,-,-,-,-,NR
Leonardo Lemos Barros Quintão (Leonardo Quintão),Deputado Federal - PMDB,-,-,-,-,-,-,-,NR
Luciana Barbosa de Oliveira Santos (Luciana Santos),Deputado Federal - PCdoB,-,-,-,-,-,-,-,NR
Luis Henrique de Oliveira Resende (Luis Tibé),Deputado Federal - PTdoB,-,-,-,-,-,-,-,NR
Luiz Eduardo Francisco da Silva (Dudu Luiz Eduardo),Deputado Federal - PSDC,-,-,-,-,-,-,-,NR
Luiz Henrique da Silveira (Luiz Henrique),Senador - PMDB,-,Não disponível,-,-,-,-,-,NR
Luiz Lindbergh Farias Filho (Lindbergh Farias),Senador - PT,-,Não disponível,-,-,-,-,-,NR
Magda Mofatto Hon (Magda Mofatto),Deputado Federal - PR,-,-,-,-,-,-,-,NR
Magno Pereira Malta (Magno Malta),Senador - PR,-,Não disponível,-,-,-,-,-,NR
Marco Antonio Tebaldi (Marco Tebaldi),Deputado Federal - PSDB,-,-,-,-,-,-,-,NR
Marcos Antonio Medrado (Marcos Medrado),Deputado Federal - SDD,-,-,-,-,-,-,-,NR
Marcos Montes Cordeiro (Marcos Montes),Deputado Federal - PSD,-,-,-,-,-,-,-,NR
Maria Auxiliadora Seabra Rezende (Professora Dorinha Seabra Rezende),Deputado Federal - DEM,-,-,-,-,-,-,-,NR
Maria Dalva de Souza Figueiredo (Dalva Figueiredo),Deputado Federal - PT,-,-,-,-,-,-,-,NR
Maria Gorete Pereira (Gorete Pereira),Deputado Federal - PR,-,-,-,-,-,-,-,NR
Maurício Quintella Malta Lessa (Maurício Quintella Lessa),Deputado Federal - PR,-,-,-,-,-,-,-,NR
Mauro Mariani (Mauro Mariani),Deputado Federal - PMDB,-,-,-,-,-,-,-,NR
Newton Cardoso (Newton Cardoso),Deputado Federal - PMDB,-,-,-,-,-,-,-,NR
Newton Lima Neto (Newton Lima),Deputado Federal - PT,-,-,-,-,-,-,-,NR
Nilson Aparecido Leitão (Nilson Leitão),Deputado Federal - PSDB,-,-,-,-,-,-,-,NR
Osvaldo de Souza Reis (Osvaldo Reis),Deputado Federal - PMDB,-,-,-,-,-,-,-,NR
Oziel Alves de Oliveira (Oziel Oliveira),Deputado Federal - PDT,-,-,-,-,-,-,-,NR
Paulo Cesar Justo Quartiero (Paulo Cesar Quartiero),Deputado Federal - DEM,-,-,-,-,-,-,-,NR
Paulo Fernando Feijo Torres (Paulo Feijó),Deputado Federal - PR,-,-,-,-,-,-,-,NR
Paulo Pereira da Silva (Paulo Pereira da Silva),Deputado Federal - SDD,-,-,-,-,-,-,-,NR
Paulo Renato Paim (Paulo Paim),Senador - PT,-,Não disponível,-,-,-,-,-,NR
Paulo Roberto Bauer (Paulo Bauer),Senador - PSDB,-,Não disponível,-,-,-,-,-,NR
Paulo Roberto Gomes Mansur (Beto Mansur),Deputado Federal - PRB,-,-,-,-,-,-,-,NR
Paulo Roberto Severo Pimenta (Paulo Pimenta),Deputado Federal - PT,-,-,-,-,-,-,-,NR
Paulo Salim Maluf (Paulo Maluf),Deputado Federal - PP,-,-,-,-,-,-,-,NR
Raimundo Sabino Castelo Branco Maués (Sabino Castelo Branco),Deputado Federal - PTB,-,-,-,-,-,-,-,NR
Roberto Egídio Balestra (Roberto Balestra),Deputado Federal - PP,-,-,-,-,-,-,-,NR
Rogério Carvalho Santos (Rogério Carvalho),Deputado Federal - PT,-,-,-,-,-,-,-,NR
Romero Jucá Filho (Romero Jucá),Senador - PMDB,-,Não disponível,-,-,-,-,-,NR
Rubens Moreira Mendes Filho (Moreira Mendes),Deputado Federal - PSD,-,-,-,-,-,-,-,NR
Rubens Otoni Gomide (Rubens Otoni),Deputado Federal - PT,-,-,-,-,-,-,-,NR
Sandro Antonio Scodro (Sandro Mabel),Deputado Federal - PMDB,-,-,-,-,-,-,-,NR
Sebastião Ferreira da Rocha (Sebastião Bala Rocha),Deputado Federal - SDD,-,-,-,-,-,-,-,NR
Sérgio de Oliveira Cunha (Sérgio Petecão),Senador - PSD,-,Não disponível,-,-,-,-,-,NR
Sérgio Ivan Moraes (Sérgio Moraes),Deputado Federal - PTB,-,-,-,-,-,-,-,NR
Silas Câmara (Silas Câmara),Deputado Federal - PSD,-,-,-,-,-,-,-,NR
Sueli Rangel Silva Vidigal (Sueli Vidigal),Deputado Federal - PDT,-,-,-,-,-,-,-,NR
Valdir Raupp de Matos (Valdir Raupp),Senador - PMDB,-,Não disponível,-,-,-,-,-,NR
Valdivino Jose de Oliveira (Valdivino de Oliveira),Deputado Federal - PSDB,-,-,-,-,-,-,-,NR
Vander Luiz Dos Santos Loubet (Vander Loubet),Deputado Federal - PT,-,-,-,-,-,-,-,NR
Vanessa Grazziotin (Vanessa Grazziotin),Senador - PC do B,-,Não disponível,-,-,-,-,-,NR
Vitor Penido de Barros (Vitor Penido),Deputado Federal - DEM,-,-,-,-,-,-,-,NR
Waldir Maranhão Cardoso (Waldir Maranhão),Deputado Federal - PP,-,-,-,-,-,-,-,NR
Washington Reis de Oliveira (Washington Reis),Deputado Federal - PMDB,-,-,-,-,-,-,-,NR
Weverton Rocha Marques de Sousa (Weverton Rocha),Deputado Federal - PDT,-,-,-,-,-,-,-,NR
William Dib (William Dib),Deputado Federal - PSDB,-,-,-,-,-,-,-,NR
Wladimir Afonso da Costa Rabelo (Wladimir Costa),Deputado Federal - SDD,-,-,-,-,-,-,-,NR
