CANDIDATO,CARGO,PONTUACAO INICIAL,PRESENCA,PRIVILEGIOS,PARTICIPACAO,PROCESSOS,OUTROS,QUALIDADE,PONTUACAO,DISPESA,UF
waldenor alves pereira filho (waldenor pereira),Deputado Federal - PT,200,25,10,0,0,0,8,243,236456,BA
vilson luiz covatti (vilson covatti),Deputado Federal - PP,200,-10,-45,0,0,20,-71,94,612215,RS
leopoldo costa meyer (leopoldo meyer),Deputado Federal - PSB,200,70,25,0,-100,0,-54,141,154089,PR
ronaldo fonseca de souza (ronaldo fonseca),Deputado Federal - PROS,200,75,35,0,0,-10,41,341,1238498,DF
jorge silva (dr. jorge silva),Deputado Federal - PROS,200,10,15,0,0,-20,19,224,279935,ES
lucia vania abrao (lucia vania),Senador - PSDB,200,Nao disponivel,-30,0,-25,-10,107,242,6234530,GO
angela maria gomes portela (angela portela),Senador - PT,200,Nao disponivel,-30,0,0,10,-147,33,1451120,RR
nelson marquezelli (nelson marquezelli),Deputado Federal - PTB,200,55,-25,-10,-50,-10,-11,149,2201500,SP
camilo cola (camilo cola),Deputado Federal - PMDB,200,-5,80,0,-50,-10,-78,137,1454172,ES
arlindo chignalia junior (arlindo chinaglia),Deputado Federal - PT,200,35,25,20,0,20,121,421,3866388,SP
maria auxiliadora seabra rezende (professora dorinha seabra rezende),Deputado Federal - DEM,-,-,-,-,-,-,-,NR,683125,TO
adriano eli correa (eli correa filho),Deputado Federal - DEM,200,25,40,0,0,0,61,326,141882,SP
antonio luiz paranhos ribeiro leite de brito (antonio brito),Deputado Federal - PTB,200,60,10,0,0,20,18,308,738943,BA
carlos eduardo vieira da cunha (vieira da cunha),Deputado Federal - PDT,200,30,-30,0,0,20,-142,78,657562,RS
antonio carlos biffi (biffi),Deputado Federal - PT,200,5,-35,0,0,10,24,204,947365,MS
hugo leal melo da silva (hugo leal),Deputado Federal - PROS,-,-,-,-,-,-,-,NR,1526018,RJ
lael vieira varella (lael varella),Deputado Federal - DEM,200,-100,-30,0,0,0,-46,24,1058762,MG
nelson marchezan junior (nelson marchezan junior),Deputado Federal - PSDB,200,25,5,0,0,20,22,272,1262319,RS
jose benito priante junior (jose priante),Deputado Federal - PMDB,200,-85,60,0,0,10,45,230,257378,PA
luci teresinha koswoski choinacki (luci choinacki),Deputado Federal - PT,200,-25,0,0,0,10,-22,163,472608,SC
helio batista dos santos (helio santos),Deputado Federal - PSDB,200,15,5,0,0,0,84,304,327663,MA
eduardo francisco sciarra (eduardo sciarra),Deputado Federal - PSD,200,55,-35,0,0,-10,113,323,853453,PR
paulo fernando feijo torres (paulo feijo),Deputado Federal - PR,-,-,-,-,-,-,-,NR,94244,RJ
alexandre rubio roso (alexandre roso),Deputado Federal - PSB,200,-50,0,0,-125,0,-17,8,93167,RS
claudio alberto castelo branco puty (claudio puty),Deputado Federal - PT,200,25,5,0,-250,20,42,42,598744,PA
dilceu joao sperafico (dilceu sperafico),Deputado Federal - PP,200,55,-20,0,-150,-10,-70,5,898946,PR
vicente candido da silva (vicente candido),Deputado Federal - PT,200,25,10,0,-25,20,6,236,3850884,SP
paulo cesar da guia almeida (dr. paulo cesar),Deputado Federal - PR,200,-25,-30,0,-25,-10,28,138,43095,RJ
lauriete rodrigues (lauriete),Deputado Federal - PSC,200,25,45,-10,0,10,21,291,197233,ES
vilmar da silva rocha (vilmar rocha),Deputado Federal - PSD,200,-70,90,0,-25,0,21,216,1554682,GO
marco antonio tebaldi (marco tebaldi),Deputado Federal - PSDB,-,-,-,-,-,-,-,NR,674495,SC
jose da cruz marinho (zequinha marinho),Deputado Federal - PSC,-,-,-,-,-,-,-,NR,565938,PA
benedita souza da silva sampaio (benedita da silva),Deputado Federal - PT,200,10,20,0,-125,20,11,136,773372,RJ
otavio santos silva leite (otavio leite),Deputado Federal - PSDB,200,10,-20,0,-25,10,111,286,1424677,RJ
jose agripino maia (jose agripino),Senador - DEM,200,Nao disponivel,-25,-10,0,10,67,242,4873470,RN
dionilso mateus marcon (marcon),Deputado Federal - PT,200,-50,10,0,-75,10,-11,84,244757,RS
roberto pereira de britto (roberto britto),Deputado Federal - PP,200,65,-35,0,-125,0,-100,5,338562,BA
jaqueline maria roriz (jaqueline roriz),Deputado Federal - PMN,-,-,-,-,-,-,-,NR,669131,DF
rodrigo batista de castro (rodrigo de castro),Deputado Federal - PSDB,200,-70,-15,0,0,0,98,213,3343918,MG
felipe catalao maia (felipe maia),Deputado Federal - DEM,200,5,-15,10,0,10,189,399,1623942,RN
fabio loureiro souto (fabio souto),Deputado Federal - DEM,200,40,-45,0,0,10,144,349,609501,BA
carlos roberto massa junior (ratinho junior),Deputado Federal - PSC,200,-45,10,-10,-100,-10,-30,15,1932065,PR
cesar hanna halum (cesar halum),Deputado Federal - PRB,200,20,-5,0,-100,0,31,146,575495,TO
vitor penido de barros (vitor penido),Deputado Federal - DEM,-,-,-,-,-,-,-,NR,1024884,MG
luiz hiloshi nishimori (luiz nishimori),Deputado Federal - PR,200,45,0,0,-25,10,60,290,234563,PR
carlos magno ramos (carlos magno),Deputado Federal - PP,-,-,-,-,-,-,-,NR,867722,RO
luiz fernando arantes machado (luiz fernando machado),Deputado Federal - PSDB,200,10,15,0,-50,10,16,201,795457,SP
alfredo pereira do nascimento (alfredo nascimento),Senador - PR,-,Nao disponivel,-,-,-,-,-,NR,10434605,AM
rodrigo bethlem fernandes (rodrigo bethlem),Deputado Federal - PMDB,200,-55,80,0,0,0,8,233,2960636,RJ
jose luiz de franca penna (penna),Deputado Federal - PV,200,60,0,0,-50,10,-22,198,646355,SP
afonso bandeira florence (afonso florence),Deputado Federal - PT,200,45,35,0,-100,20,-16,184,441005,BA
glauber de medeiros braga (glauber braga),Deputado Federal - PSB,200,35,-5,0,0,20,-57,193,281098,RJ
luiz henrique mandetta (mandetta),Deputado Federal - DEM,200,20,5,-10,0,20,19,254,1104506,MS
fabio de almeida reis (fabio reis),Deputado Federal - PMDB,200,50,55,0,0,10,16,331,414688,SE
julio cesar delgado (julio delgado),Deputado Federal - PSB,200,50,-30,20,-100,0,-62,78,1452714,MG
arolde de oliveira (arolde de oliveira),Deputado Federal - PSD,200,20,-5,0,0,-10,28,233,475913,RJ
danrlei de deus hinterholz (danrlei de deus hinterholz),Deputado Federal - PSD,200,35,25,0,0,0,33,293,113528,RS
bonifacio jose tamm de andrada (bonifacio de andrada),Deputado Federal - PSDB,200,-80,25,-10,-125,-20,46,36,1199718,MG
esmerino neri batista filho (miriquinho batista),Deputado Federal - PT,200,0,0,0,-175,20,0,45,347916,PA
alex canziani silveira (alex canziani),Deputado Federal - PTB,200,20,-25,0,-100,-20,-59,16,971881,PR
fernando dantas ferro (fernando ferro),Deputado Federal - PT,200,45,-35,0,-25,10,-35,160,758251,PE
hermes parcianello (hermes parcianello),Deputado Federal - PMDB,200,-40,-25,0,0,10,24,169,264775,PR
jose wilson santiago filho (wilson filho),Deputado Federal - PTB,200,-5,5,0,0,20,-12,208,394690,PB
jandira feghali (jandira feghali),Deputado Federal - PCdoB,200,-25,25,-10,0,20,-21,189,1691197,RJ
aureo lidio moreira ribeiro (aureo),Deputado Federal - SDD,200,0,15,0,0,0,-25,190,132307,RJ
jose alfonso ebert hamm (afonso hamm),Deputado Federal - PP,200,10,-35,0,0,20,-93,102,607848,RS
jose nunes soares (jose nunes),Deputado Federal - PSD,200,10,5,0,0,0,54,269,381740,BA
david samuel alcolumbre tobelem (davi alcolumbre),Deputado Federal - DEM,200,-35,-25,0,0,-10,126,256,141097,AP
josias gomes da silva (josias gomes),Deputado Federal - PT,200,0,5,0,-100,0,-2,103,476767,BA
marco aurelio spall maia (marco maia),Deputado Federal - PT,200,-5,-15,0,-50,10,-48,92,1270721,RS
marcio carlos marinho (marcio marinho),Deputado Federal - PRB,200,15,-45,0,0,0,9,179,170730,BA
sebastiao siba machado oliveira (siba machado),Deputado Federal - PT,200,0,5,0,0,20,25,250,490231,AC
antonio balhmann cardoso nunes filho (antonio balhmann),Deputado Federal - PROS,-,-,-,-,-,-,-,NR,1189811,CE
givaldo de sa gouveia (givaldo carimbao),Deputado Federal - PROS,200,-70,-20,0,0,-20,-73,17,579104,AL
jose antonio machado reguffe (reguffe),Deputado Federal - PDT,200,100,95,60,-25,20,68,518,99220,DF
luciano de souza castro (luciano castro),Deputado Federal - PR,200,-20,-25,0,0,-30,16,141,1041527,RR
marcio henrique junqueira pereira (marcio junqueira),Deputado Federal - PROS,200,5,10,0,-225,-50,135,75,357850,RR
jacob alfredo stoffels kaefer (alfredo kaefer),Deputado Federal - PSDB,200,-10,-30,0,-225,20,117,72,3840214,PR
lourival mendes da fonseca filho (lourival mendes),Deputado Federal - PTdoB,200,15,10,20,-100,-10,-39,96,137811,MA
weverton rocha marques de sousa (weverton rocha),Deputado Federal - PDT,-,-,-,-,-,-,-,NR,266650,MA
joao carlos siqueira (padre joao),Deputado Federal - PT,200,10,10,10,0,20,-1,249,605232,MG
vanderlei siraque (vanderlei siraque),Deputado Federal - PT,200,55,30,0,0,20,5,310,384680,SP
roberto joao pereira freire (roberto freire),Deputado Federal - PPS,200,-35,15,0,0,0,-1,179,1394143,SP
paulo roberto bauer (paulo bauer),Senador - PSDB,-,Nao disponivel,-,-,-,-,-,NR,1730801,SC
luiz otavio oliveira campos (luiz otavio),Deputado Federal - PMDB,200,20,85,0,-125,-10,4,174,537063,PA
alexandre leite da silva (alexandre leite),Deputado Federal - DEM,200,70,25,10,-100,10,77,292,2770325,SP
antonia lucileia cruz ramos camara (antonia lucia),Deputado Federal - PSC,-,-,-,-,-,-,-,NR,370114,AC
walter da rocha tosta (walter tosta),Deputado Federal - PSD,200,-80,10,0,0,0,-31,99,266514,MG
joao rodrigues (joao rodrigues),Deputado Federal - DEM,-,-,-,-,-,-,-,NR,627687,SC
atila sidney lins albuquerque (atila lins),Deputado Federal - PSD,200,-25,-45,-20,0,-20,-52,38,386472,AM
nilson pinto de oliveira (nilson pinto),Deputado Federal - PSDB,200,-165,15,0,0,10,67,127,538185,PA
adilson soares (dr. adilson soares),Deputado Federal - PR,200,-40,-10,-10,0,10,-97,53,414325,RJ
francisco danilo bastos forte (danilo forte),Deputado Federal - PMDB,200,45,0,0,-100,20,42,207,948883,CE
otoniel carlos de lima (otoniel lima),Deputado Federal - PRB,200,40,0,0,-100,-20,12,132,166517,SP
mauro mariani (mauro mariani),Deputado Federal - PMDB,-,-,-,-,-,-,-,NR,819844,SC
sueli rangel silva vidigal (sueli vidigal),Deputado Federal - PDT,-,-,-,-,-,-,-,NR,1476652,ES
newton cardoso (newton cardoso),Deputado Federal - PMDB,-,-,-,-,-,-,-,NR,2264077,MG
abelardo luiz lupion mello (abelardo lupion),Deputado Federal - DEM,-,-,-,-,-,-,-,NR,1587529,PR
jose pedro goncalves taques (pedro taques),Senador - PDT,200,Nao disponivel,25,70,0,20,27,342,923415,MT
joseli angelo agnolin (angelo agnolin),Deputado Federal - PDT,200,55,0,0,-75,-10,15,185,835105,TO
luiz roberto de albuquerque (beto albuquerque),Deputado Federal - PSB,200,10,30,0,-50,20,-68,142,1207903,RS
rodrigo garcia (rodrigo garcia),Deputado Federal - DEM,200,-15,90,-10,-100,20,-6,179,2075977,SP
jorge wicks corte real (jorge corte real),Deputado Federal - PTB,200,-30,5,0,0,20,-8,187,871948,PE
candido elpidio de souza vaccarezza (candido vaccarezza),Deputado Federal - PT,200,-35,-20,0,0,20,-96,69,4629270,SP
carlos alberto rolim zarattini (carlos zarattini),Deputado Federal - PT,200,25,-35,0,0,0,-122,68,3737929,SP
jose humberto soares (jose humberto),Deputado Federal - PHS,200,45,15,0,-50,10,5,225,343104,MG
joao campos de araujo (joao campos),Deputado Federal - PSDB,200,-5,-25,0,0,20,95,285,407079,GO
olavo bilac pinto neto (bilac pinto),Deputado Federal - PR,200,-5,50,0,-100,-20,-72,53,1523410,MG
erika juca kokay (erika kokay),Deputado Federal - PT,200,85,30,0,-125,20,5,215,606064,DF
valdivino jose de oliveira (valdivino de oliveira),Deputado Federal - PSDB,-,-,-,-,-,-,-,NR,2456477,GO
carlos eduardo de souza braga (eduardo braga),Senador - PMDB,-,Nao disponivel,-,-,-,-,-,NR,3970734,AM
efraim de araujo morais filho (efraim filho),Deputado Federal - DEM,200,20,-45,0,0,0,98,273,267324,PB
angelo carlos vanhoni (angelo vanhoni),Deputado Federal - PT,200,-75,-30,0,0,20,-108,7,813712,PR
maria de fatima bezerra (fatima bezerra),Deputado Federal - PT,200,15,-35,0,0,20,2,202,433396,RN
joao sandes junior (sandes junior),Deputado Federal - PP,-,-,-,-,-,-,-,NR,1366500,GO
mauricio quintella malta lessa (mauricio quintella lessa),Deputado Federal - PR,-,-,-,-,-,-,-,NR,689612,AL
joao alberto de souza (joao alberto souza),Senador - PMDB,200,Nao disponivel,20,0,0,10,-12,218,2266125,MA
jose de araujo mendonca sobrinho (mendonca prado),Deputado Federal - DEM,200,-25,-50,0,0,10,119,254,279056,SE
roberto alves de lucena (roberto de lucena),Deputado Federal - PV,200,75,5,0,0,0,-5,275,94373,SP
fernando de souza flexa ribeiro (flexa ribeiro),Senador - PSDB,200,Nao disponivel,-55,0,0,20,269,434,3348273,PA
jose silva soares (ze silva),Deputado Federal - PDT,200,15,40,0,-25,10,-18,222,876831,MG
raul da silva lima sobrinho (raul lima),Deputado Federal - PP,200,-35,-5,0,-25,0,35,170,241781,RR
roberto sergio ribeiro coutinho teixeira (roberto teixeira),Deputado Federal - PP,200,25,10,0,0,0,3,238,1503406,PE
aloysio nunes ferreira filho (aloysio nunes ferreira),Senador - PSDB,200,Nao disponivel,25,-10,0,0,129,344,6240726,SP
amauri santos teixeira (amauri teixeira),Deputado Federal - PT,200,65,25,0,0,20,13,323,370505,BA
odilio balbinotti (odilio balbinotti),Deputado Federal - PMDB,200,-15,0,0,-25,-50,-72,38,1433277,PR
armando de queiroz monteiro neto (armando monteiro),Senador - PTB,200,Nao disponivel,-10,0,0,0,-98,92,6609776,PE
joao alberto rodrigues capiberibe (joao capiberibe),Senador - PSB,200,Nao disponivel,-5,10,-75,10,46,186,190118,AP
setimo waquim (professor setimo),Deputado Federal - PMDB,200,-40,-35,0,0,20,-65,80,454510,MA
osmar ribeiro de almeida junior (osmar junior),Deputado Federal - PCdoB,200,-15,-25,0,-25,10,-120,25,647705,PI
paulo roberto gomes mansur (beto mansur),Deputado Federal - PRB,-,-,-,-,-,-,-,NR,1381170,SP
jose renan vasconcelos calheiros filho (renan filho),Deputado Federal - PMDB,200,-65,5,-20,-125,20,50,65,570749,AL
joao carlos paolilo bacelar filho (joao carlos bacelar),Deputado Federal - PR,-,-,-,-,-,-,-,NR,303369,BA
jose carlos becker de oliveira e silva (zeca dirceu),Deputado Federal - PT,200,0,5,0,0,20,8,233,1697820,PR
jose arnon cruz bezerra de menezes (arnon bezerra),Deputado Federal - PTB,-,-,-,-,-,-,-,NR,548610,CE
jose henrique oliveira (henrique oliveira),Deputado Federal - SDD,200,-10,-5,0,-100,-40,27,72,453147,AM
nilmario de miranda (nilmario miranda),Deputado Federal - PT,200,-15,60,0,0,20,-8,257,416459,MG
mara cristina gabrilli (mara gabrilli ),Deputado Federal - PSDB,200,-40,15,0,0,20,11,206,980773,SP
jose eleonildo soares (pinto itamaraty),Deputado Federal - PSDB,200,-95,-40,0,0,10,139,214,411073,MA
francisco vieira sampaio (chico das verduras),Deputado Federal - PRP,200,75,35,10,-325,-10,50,35,55855,RR
henrique fontana junior (henrique fontana),Deputado Federal - PT,-,-,-,-,-,-,-,NR,927209,RS
magno pereira malta (magno malta),Senador - PR,-,Nao disponivel,-,-,-,-,-,NR,2670066,ES
nelson meurer (nelson meurer),Deputado Federal - PP,200,35,-35,-10,0,-40,-86,64,908527,PR
felix de almeida mendonca junior (felix mendonca junior),Deputado Federal - PDT,200,80,15,0,-75,10,27,257,1086879,BA
cleber verde cordeiro mendes (cleber verde),Deputado Federal - PRB,200,5,-35,0,-50,0,-85,35,303670,MA
hugo motta wanderley da nobrega (hugo motta),Deputado Federal - PMDB,200,25,0,0,0,10,13,248,154273,PB
henrique eduardo lyra alves (henrique eduardo alves),Deputado Federal - PMDB,200,5,-30,0,-100,0,-61,14,3203583,RN
ozanilda gondim vital do rego (nilda gondim),Deputado Federal - PMDB,200,35,10,0,-25,10,96,326,422524,PB
antonio carlos valadares (antonio carlos valadares),Senador - PSB,-,Nao disponivel,-,-,-,-,-,NR,526848,SE
jean wyllys de matos santos (jean wyllys),Deputado Federal - PSOL,200,20,20,10,0,20,-69,201,20717,RJ
maria do socorro jo moraes (jo moraes),Deputado Federal - PCdoB,200,60,-20,0,0,20,-150,110,689133,MG
luiz sergio nobrega de oliveira (luiz sergio),Deputado Federal - PT,200,5,10,0,0,10,-88,137,1466774,RJ
delcidio do amaral gomez (delcidio do amaral),Senador - PT,200,Nao disponivel,-50,-10,-25,10,77,202,5782684,MS
jose olimpio silveira moraes (missionario jose olimpio),Deputado Federal - PP,200,-25,10,0,0,0,4,189,109745,SP
maria do rosario nunes (maria do rosario),Deputado Federal - PT,200,-85,45,-10,-25,-10,-21,94,785809,RS
wladimir afonso da costa rabelo (wladimir costa),Deputado Federal - SDD,-,-,-,-,-,-,-,NR,424446,PA
jose geraldo torres da silva (ze geraldo),Deputado Federal - PT,-,-,-,-,-,-,-,NR,1258594,PA
edson sampaio pimenta (edson pimenta),Deputado Federal - PSD,200,-10,0,0,-25,0,14,179,540857,BA
jeronimo pizzolotto goergen (jeronimo goergen),Deputado Federal - PP,200,5,0,0,-100,10,34,149,687819,RS
sandra maria da escossia rosado (sandra rosado),Deputado Federal - PSB,200,-45,-50,0,0,10,-81,34,587146,RN
aguinaldo velloso borges ribeiro (aguinaldo ribeiro),Deputado Federal - PP,200,20,80,0,-25,20,-4,291,392848,PB
gabriel benedito issaac chalita (gabriel chalita),Deputado Federal - PMDB,200,-10,30,0,-125,0,9,104,2036948,SP
maria lucia prandi gomes (maria lucia prandi),Deputado Federal - PT,200,0,85,0,0,10,-5,290,280282,SP
anderson ferreira rodrigues (anderson ferreira),Deputado Federal - PR,200,-40,5,0,0,10,28,203,131622,PE
assis flavio da silva melo (assis melo),Deputado Federal - PCdoB,200,10,0,0,0,10,-37,183,262706,RS
alceu moreira da silva (alceu moreira),Deputado Federal - PMDB,-,-,-,-,-,-,-,NR,659994,RS
luiz albuquerque couto (luiz couto),Deputado Federal - PT,200,85,-15,0,0,20,-97,193,514829,PB
ronaldo miro zulke (ronaldo zulke),Deputado Federal - PT,200,0,5,0,0,0,-24,181,1113994,RS
andre luis dantas ferreira (andre moura),Deputado Federal - PSC,-,-,-,-,-,-,-,NR,279908,SE
janete maria goes capiberibe (janete capiberibe),Deputado Federal - PSB,200,-20,-20,0,-50,10,-96,24,153260,AP
luiz alberto silva dos santos (luiz alberto),Deputado Federal - PT,200,45,-40,0,0,0,0,205,674924,BA
lucio dutra vale (lucio vale),Deputado Federal - PR,200,30,-15,0,0,20,-85,150,611467,PA
osmar jose serraglio (osmar serraglio),Deputado Federal - PMDB,200,60,-35,0,0,10,-41,194,543844,PR
joao eduardo dado leite de carvalho (joao dado),Deputado Federal - SDD,200,65,-20,0,0,-20,-55,170,665779,SP
akira otsubo (akira otsubo),Deputado Federal - PMDB,200,-35,55,0,0,-10,51,261,1145826,MS
humberto sergio costa lima (humberto costa),Senador - PT,200,Nao disponivel,-15,-10,-50,20,-23,122,5864401,PE
jairo ataide vieira (jairo ataide),Deputado Federal - DEM,-,-,-,-,-,-,-,NR,483230,MG
eunicio lopes de oliveira (eunicio oliveira),Senador - PMDB,200,Nao disponivel,100,-10,0,20,-122,188,4658479,CE
luiz fernando ramos faria (luiz fernando faria),Deputado Federal - PP,200,-10,-20,0,0,0,-77,93,2090412,MG
rogerio mendonca (rogerio peninha mendonca),Deputado Federal - PMDB,200,30,5,0,-50,0,24,209,254745,SC
oziel alves de oliveira (oziel oliveira),Deputado Federal - PDT,-,-,-,-,-,-,-,NR,151850,BA
joao dudimar de azevedo paxiuba (dudimar paxiuba),Deputado Federal - PROS,200,45,10,0,0,-10,48,293,51614,PA
domingos savio campos resende (domingos savio),Deputado Federal - PSDB,200,-5,15,0,-25,20,-22,183,1374934,MG
florisvaldo fier (dr. rosinha),Deputado Federal - PT,200,20,-5,0,0,20,-28,207,1022257,PR
alexandre silveira de oliveira (alexandre silveira),Deputado Federal - PPS,-,-,-,-,-,-,-,NR,2378877,MG
francisco eurico da silva (pastor eurico),Deputado Federal - PSB,200,70,10,0,0,20,19,319,190926,PE
paulo renato paim (paulo paim),Senador - PT,-,Nao disponivel,-,-,-,-,-,NR,1662401,RS
rebecca martins garcia (rebecca garcia),Deputado Federal - PP,200,5,20,0,0,0,-111,114,1076718,AM
paulo salim maluf (paulo maluf),Deputado Federal - PP,-,-,-,-,-,-,-,NR,690077,SP
paulo rubem santiago ferreira (paulo rubem santiago),Deputado Federal - PDT,200,-30,-45,0,0,10,-61,74,131455,PE
jose ricardo alvarenga tripoli (ricardo tripoli),Deputado Federal - PSDB,200,0,-20,0,0,0,141,321,746915,SP
johnathan pereira de jesus (jhonatan de jesus),Deputado Federal - PRB,200,-85,-10,0,-125,20,9,9,271500,RR
lucio quadros vieira lima (lucio vieira lima),Deputado Federal - PMDB,200,10,25,0,-25,0,14,224,259580,BA
eros ferreira biondini (eros biondini),Deputado Federal - PTB,200,-10,55,0,0,10,-19,236,386800,MG
geraldo resende pereira (geraldo resende),Deputado Federal - PMDB,-,-,-,-,-,-,-,NR,660371,MS
henrique afonso soares lima (henrique afonso),Deputado Federal - PV,-,-,-,-,-,-,-,NR,238710,AC
eduardo alves do amorim (eduardo amorim),Senador - PSC,200,Nao disponivel,25,0,0,10,-131,104,1272843,SE
darcisio paulo perondi (darcisio perondi),Deputado Federal - PMDB,200,-20,-45,0,-25,20,-30,100,829927,RS
guilherme campos junior (guilherme campos),Deputado Federal - PSD,200,80,-20,-30,-100,10,192,332,2103131,SP
marcelo bezerra crivella (marcelo crivella),Senador - PRB,200,Nao disponivel,20,-10,0,20,-137,93,2426283,RJ
inocencio gomes de oliveira (inocencio oliveira),Deputado Federal - PR,200,35,15,-10,-75,-30,-39,96,677630,PE
luiz carlos pietschmann (luiz pitiman),Deputado Federal - PSDB,200,75,45,-25,0,10,54,359,1917711,DF
joao vicente de macedo claudino (joao vicente claudino),Senador - PTB,200,Nao disponivel,-80,0,0,10,-90,40,6226417,PI
rogerio carvalho santos (rogerio carvalho),Deputado Federal - PT,-,-,-,-,-,-,-,NR,751826,SE
nilson aparecido leitao (nilson leitao),Deputado Federal - PSDB,-,-,-,-,-,-,-,NR,1194941,MT
reinhold stephanes (reinhold stephanes),Deputado Federal - PSD,200,30,35,0,0,-20,-30,215,904275,PR
pedro novais lima (pedro novais),Deputado Federal - PMDB,200,-30,-20,0,-100,-20,-24,6,324803,MA
jorge tadeu mudalen (jorge tadeu mudalen),Deputado Federal - DEM,200,15,5,0,0,-20,92,292,954281,SP
milton antonio casquel monti (milton monti),Deputado Federal - PR,200,45,-15,0,0,0,-106,124,979277,SP
lazaro botelho martins (lazaro botelho),Deputado Federal - PP,200,50,-25,0,-75,10,-158,2,237511,TO
joao jose de arruda junior (joao arruda),Deputado Federal - PMDB,200,50,10,0,-200,20,58,138,711646,PR
francisco floriano de sousa silva (francisco floriano),Deputado Federal - PR,200,-30,10,0,0,0,18,198,54563,RJ
evandro costa milhomen (evandro milhomen),Deputado Federal - PCdoB,200,-15,-40,0,0,10,-155,0,583209,AP
jair messias bolsonaro (jair bolsonaro),Deputado Federal - PP,200,30,-20,0,-50,-40,53,173,156429,RJ
gladson de lima cameli (gladson cameli),Deputado Federal - PP,200,-35,-40,0,-25,0,-90,10,2154685,AC
nelson padovani (nelson padovani),Deputado Federal - PSC,200,-10,5,0,0,20,12,227,603316,PR
carlos mauro cabral benevides (mauro benevides),Deputado Federal - PMDB,200,80,-35,0,-25,0,-60,160,558942,CE
romario de souza faria (romario),Deputado Federal - PSB,200,65,15,30,0,10,-25,295,246646,RJ
davi alves silva junior (davi alves silva junior),Deputado Federal - PR,-,-,-,-,-,-,-,NR,633157,MA
jose leonardo costa monteiro (leonardo monteiro),Deputado Federal - PT,200,-30,-25,-10,-25,20,-89,41,1170111,MG
claudio cajado sampaio (claudio cajado),Deputado Federal - DEM,200,25,-20,0,0,10,184,399,751376,BA
roberto policarpo fagundes (policarpo),Deputado Federal - PT,200,95,45,0,0,20,12,372,576560,DF
valtenir luiz pereira (valtenir pereira),Deputado Federal - PROS,200,55,-30,0,0,0,-138,87,765378,MT
andre zacharow (andre zacharow),Deputado Federal - PMDB,200,0,-10,-10,0,20,90,290,447263,PR
dimas fabiano toledo junior (dimas fabiano),Deputado Federal - PP,200,0,20,0,-100,0,6,126,1110896,MG
maria dalva de souza figueiredo (dalva figueiredo),Deputado Federal - PT,-,-,-,-,-,-,-,NR,127078,AP
jose augusto maia (jose augusto maia),Deputado Federal - PROS,-,-,-,-,-,-,-,NR,113003,PE
devanir ribeiro (devanir ribeiro),Deputado Federal - PT,200,-10,-25,0,0,10,-139,36,1765392,SP
cassio rodrigues da cunha lima (cassio cunha lima),Senador - PSDB,200,Nao disponivel,45,-10,-200,10,9,54,3660243,PB
hidekazu takayama (takayama),Deputado Federal - PSC,-,-,-,-,-,-,-,NR,237736,PR
vanderlei macris (vanderlei macris),Deputado Federal - PSDB,200,50,-30,0,0,20,156,396,539905,SP
roberto dorner (roberto dorner),Deputado Federal - PSD,200,50,65,0,-25,0,-7,283,1655189,MT
blairo borges maggi (blairo maggi),Senador - PR,200,Nao disponivel,100,0,-150,10,53,213,5397681,MT
antonio jose imbassahy da silva (antonio imbassahy),Deputado Federal - PSDB,200,55,10,0,0,10,53,328,447660,BA
benedito de lira (benedito de lira),Senador - PP,200,Nao disponivel,35,-10,0,-30,-190,5,1850810,AL
pauderney tomaz avelino (pauderney avelino),Deputado Federal - DEM,200,45,50,0,-25,-20,6,256,1802134,AM
leonardo carneiro monteiro picciani (leonardo picciani),Deputado Federal - PMDB,200,0,40,0,0,20,-35,225,1535695,RJ
taumaturgo lima cordeiro (taumaturgo lima),Deputado Federal - PT,200,-40,-15,-10,-100,20,1,56,481115,AC
anibal ferreira gomes (anibal gomes),Deputado Federal - PMDB,-,-,-,-,-,-,-,NR,938350,CE
rosilda de freitas (rose de freitas),Deputado Federal - PMDB,200,-75,-15,0,0,-20,-35,55,677024,ES
washington reis de oliveira (washington reis),Deputado Federal - PMDB,-,-,-,-,-,-,-,NR,307920,RJ
manoel salviano sobrinho (manoel salviano),Deputado Federal - PSD,200,-55,-40,0,-50,10,-3,62,494873,CE
renzo do amaral braz (renzo braz),Deputado Federal - PP,200,-40,25,0,0,0,-22,163,2870158,MG
ruy manuel carneiro barbosa de aca belchior (ruy carneiro),Deputado Federal - PSDB,200,5,0,10,0,0,-4,211,433767,PB
william dib (william dib),Deputado Federal - PSDB,-,-,-,-,-,-,-,NR,1179135,SP
alessandro lucciola molon (alessandro molon),Deputado Federal - PT,200,40,20,0,0,20,47,327,426192,RJ
wandenkolk pasteur goncalves (wandenkolk goncalves),Deputado Federal - PSDB,200,-20,-45,0,-25,20,125,255,575317,PA
filipe de almeida pereira (filipe pereira),Deputado Federal - PSC,200,-55,15,0,0,0,-123,37,2865775,RJ
vicente alves de oliveira (vicentinho alves),Senador - PR,200,Nao disponivel,25,0,-50,-20,-135,20,1420355,TO
joao jose pereira de lyra (joao lyra),Deputado Federal - PSD,-,-,-,-,-,-,-,NR,917083,AL
jose otavio germano (jose otavio germano),Deputado Federal - PP,-,-,-,-,-,-,-,NR,2281826,RS
rubens otoni gomide (rubens otoni),Deputado Federal - PT,-,-,-,-,-,-,-,NR,913409,GO
liliam sa de paula (liliam sa),Deputado Federal - PROS,200,0,15,0,0,-10,-11,194,177777,RJ
guilherme mussi ferreira (guilherme mussi),Deputado Federal - PP,200,-65,15,-10,0,10,23,173,1338951,SP
francisco lopes da silva (chico lopes),Deputado Federal - PCdoB,200,70,-40,10,0,0,-129,111,293912,CE
cleusa rosane ribas ferreira (rosane ferreira),Deputado Federal - PV,200,75,35,0,0,20,-23,307,124718,PR
arthur cesar pereira de lira (arthur lira),Deputado Federal - PP,200,-25,40,0,-150,-20,13,58,323072,AL
luiz barbosa de deus (luiz de deus),Deputado Federal - DEM,200,80,55,0,0,0,77,412,342608,BA
jose mendonca bezerra filho (mendonca filho),Deputado Federal - DEM,200,15,5,0,0,10,60,290,1598392,PE
odair jose da cunha (odair cunha),Deputado Federal - PT,200,-20,-25,10,0,0,-94,71,2107128,MG
andre carlos alves de paula filho (andre de paula),Deputado Federal - DEM,200,0,40,0,0,-10,69,299,624071,PE
janio natal andrade borges (janio natal),Deputado Federal - PRP,-,-,-,-,-,-,-,NR,102894,BA
saguas moraes sousa (saguas moraes),Deputado Federal - PT,200,40,60,-30,-150,20,-26,114,858876,MT
anthony william garotinho matheus de oliveira (anthony garotinho),Deputado Federal - PR,-,-,-,-,-,-,-,NR,2050801,RJ
francisco rodrigues de alencar filho (chico alencar),Deputado Federal - PSOL,200,40,20,10,0,0,-43,227,78645,RJ
arnaldo jordy figueiredo (arnaldo jordy),Deputado Federal - PPS,200,25,5,0,0,0,18,248,368821,PA
marcos rogerio da silva brito (marcos rogerio),Deputado Federal - PDT,200,70,15,10,0,10,24,329,95927,RO
luis henrique de oliveira resende (luis tibe),Deputado Federal - PTdoB,-,-,-,-,-,-,-,NR,967915,MG
jose alberto oliveira filho (alberto filho),Deputado Federal - PMDB,200,20,15,-10,0,10,15,250,144771,MA
wolney queiroz maciel (wolney queiroz),Deputado Federal - PDT,200,-15,-20,0,0,10,-118,57,696984,PE
paulo roberto barreto bornhausen (paulo bornhausen),Deputado Federal - DEM,200,-145,50,0,0,-10,85,180,2612159,SC
luciana barbosa de oliveira santos (luciana santos),Deputado Federal - PCdoB,-,-,-,-,-,-,-,NR,1235479,PE
francisco everardo oliveira silva (tiririca),Deputado Federal - PR,200,75,45,-10,0,0,22,332,443334,SP
carlos orleans brandao junior (carlos brandao),Deputado Federal - PSDB,200,45,-30,0,-100,0,48,163,170855,MA
jose mentor guilherme de mello netto (jose mentor),Deputado Federal - PT,200,-75,-15,0,0,10,-97,23,2530430,SP
jose roberto oliveira faro (beto faro),Deputado Federal - PT,-,-,-,-,-,-,-,NR,621221,PA
carlos gomes bezerra (carlos bezerra),Deputado Federal - PMDB,-,-,-,-,-,-,-,NR,2623503,MT
sergio de oliveira cunha (sergio petecao),Senador - PSD,-,Nao disponivel,-,-,-,-,-,NR,453150,AC
jose simplicio alves de araujo (simplicio araujo),Deputado Federal - SDD,200,-15,50,0,0,0,28,263,130309,MA
pedro pinheiro chaves (pedro chaves),Deputado Federal - PMDB,200,30,-5,0,-100,20,-107,38,1176528,GO
gleisi helena hoffmann (gleisi hoffmann),Senador - PT,200,Nao disponivel,95,0,0,20,-8,307,4113079,PR
francisco ednaldo praciano (francisco praciano),Deputado Federal - PT,-,-,-,-,-,-,-,NR,292202,AM
jose sarney filho (sarney filho),Deputado Federal - PV,-,-,-,-,-,-,-,NR,1010311,MA
helcio antonio da silva (helcio silva),Deputado Federal - PT,200,55,85,0,-25,10,-13,312,711846,SP
jose wellington roberto (wellington roberto),Deputado Federal - PR,200,-5,-30,0,0,-20,-42,103,273468,PB
alfredo helio syrkis (alfredo sirkis),Deputado Federal - PSB,200,35,20,0,-25,10,-9,231,263807,RJ
luiz gonzaga patriota (gonzaga patriota),Deputado Federal - PSB,200,60,-45,0,0,-10,-96,109,578797,PE
marcelo costa e castro (marcelo castro),Deputado Federal - PMDB,200,-10,-45,0,-25,-10,-75,35,455981,PI
eduardo henrique da fonte de albuquerque silva (eduardo da fonte),Deputado Federal - PP,200,-20,-15,0,0,10,-85,90,2683887,PE
salvador zimbaldi filho (salvador zimbaldi),Deputado Federal - PROS,200,35,15,0,0,-30,18,238,380830,SP
paulo sergio paranhos de magalhaes (paulo magalhaes),Deputado Federal - PSD,200,35,-35,0,-250,0,70,20,385349,BA
luiza erundina de sousa (luiza erundina),Deputado Federal - PSB,200,50,-5,0,-25,10,-150,80,175627,SP
miro teixeira (miro teixeira),Deputado Federal - PROS,200,0,70,0,0,0,-95,175,720735,RJ
renato simoes (renato simoes),Deputado Federal - PT,200,-30,80,0,0,20,-26,244,597528,SP
edson bez de oliveira (edinho bez),Deputado Federal - PMDB,200,70,-50,0,-25,20,-71,144,549714,SC
manuel rosa da silva (manuel rosa neca),Deputado Federal - PR,200,40,95,0,-325,0,-7,3,51760,RJ
jose carlos leao de araujo (jose carlos araujo),Deputado Federal - PSD,200,70,-40,0,0,0,-21,209,761384,BA
esperidiao amin helou filho (esperidiao amin),Deputado Federal - PP,200,70,15,0,-125,-10,71,221,203290,SC
ataides de oliveira (ataides oliveira),Senador - PROS,200,Nao disponivel,75,10,0,0,37,322,815669,TO
antonio duarte nogueira junior (duarte nogueira),Deputado Federal - PSDB,200,30,-5,-20,0,-20,161,346,1854736,SP
julio cesar de carvalho lima (julio cesar),Deputado Federal - PSD,200,50,-40,0,-175,0,-10,25,409949,PI
roberto egidio balestra (roberto balestra),Deputado Federal - PP,-,-,-,-,-,-,-,NR,2162309,GO
fatima lucia pelaes (fatima pelaes),Deputado Federal - PMDB,-,-,-,-,-,-,-,NR,345127,AP
paulo cesar justo quartiero (paulo cesar quartiero),Deputado Federal - DEM,-,-,-,-,-,-,-,NR,148518,RR
iara bernardi (iara bernardi),Deputado Federal - PT,200,50,55,0,0,20,1,326,123338,SP
assis miguel do couto (assis do couto),Deputado Federal - PT,200,-30,-45,0,0,10,-116,19,197336,PR
jose airton felix cirilo da silva (jose airton),Deputado Federal - PT,200,-25,-40,0,-100,10,47,92,337274,CE
sandro antonio scodro (sandro mabel),Deputado Federal - PMDB,-,-,-,-,-,-,-,NR,4680406,GO
jose roberto santiago gomes (roberto santiago),Deputado Federal - PSD,200,60,-5,0,-100,0,-78,77,516553,SP
luiz carlos jorge hauly (luiz carlos hauly),Deputado Federal - PSDB,200,60,50,0,-25,-20,70,335,2104238,PR
antonio pinheiro junior (toninho pinheiro),Deputado Federal - PP,200,-10,15,10,-100,-20,50,145,1981358,MG
reinaldo azambuja silva (reinaldo azambuja),Deputado Federal - PSDB,200,40,10,0,-150,0,10,110,2999446,MS
carlos alberto cavalcante de souza (carlos souza),Deputado Federal - PSD,-,-,-,-,-,-,-,NR,247710,AM
emanuel fernandes (emanuel fernandes),Deputado Federal - PSDB,-,-,-,-,-,-,-,NR,463029,SP
jose abelardo guimaraes camarinha (abelardo camarinha),Deputado Federal - PSB,-,-,-,-,-,-,-,NR,706808,SP
aelton jose de freitas (aelton freitas),Deputado Federal - PR,-,-,-,-,-,-,-,NR,1419055,MG
joao da silva maia (joao maia),Deputado Federal - PR,-,-,-,-,-,-,-,NR,917662,RN
sandro alex cruz de oliveira (sandro alex),Deputado Federal - PPS,200,80,10,0,0,20,42,352,175409,PR
jose francisco cerqueira tenorio (francisco tenorio),Deputado Federal - PMN,-,-,-,-,-,-,-,NR,314799,AL
luiz carlos gomes dos santos junior (luiz carlos),Deputado Federal - PSDB,200,-50,-10,0,0,20,27,187,119058,AP
stepan nercessian (stepan nercessian),Deputado Federal - PPS,200,5,30,0,0,0,-20,215,168065,RJ
marcelo theodoro de aguiar (marcelo aguiar),Deputado Federal - DEM,200,-5,5,-10,-25,10,-5,170,349876,SP
manoel alves da silva junior (manoel junior),Deputado Federal - PMDB,200,35,-40,0,0,0,-27,168,828776,PB
osvaldo de souza reis (osvaldo reis),Deputado Federal - PMDB,-,-,-,-,-,-,-,NR,690777,TO
acelino freitas (acelino popo),Deputado Federal - PRB,200,-30,5,0,0,10,-3,182,323124,BA
silvio serafim costa (silvio costa),Deputado Federal - PSC,200,-45,-45,0,0,10,-99,21,1132104,PE
jose linhares ponte (jose linhares),Deputado Federal - PP,200,-20,-30,0,0,-30,-99,21,261575,CE
fabio rodrigues de oliveira (major fabio),Deputado Federal - PROS,200,35,5,0,0,0,102,342,133602,PB
thiago mello peixoto da silveira (thiago peixoto),Deputado Federal - PSD,200,30,85,0,-25,10,-6,294,1902436,GO
vicente paulo da silva (vicentinho),Deputado Federal - PT,200,-30,-10,-20,0,20,-58,102,918818,SP
paulo pereira da silva (paulo pereira da silva),Deputado Federal - SDD,-,-,-,-,-,-,-,NR,2040086,SP
vitor paulo araujo dos santos (vitor paulo),Deputado Federal - PRB,200,45,25,0,-25,10,33,288,494325,RJ
antonio carlos de mendes thame (antonio carlos mendes thame),Deputado Federal - PSDB,200,15,10,0,-350,-10,170,35,2285735,SP
fernando affonso collor de mello (fernando collor),Senador - PTB,200,Nao disponivel,-85,0,-50,-20,-1,44,3294021,AL
alice mazzuco portugal (alice portugal),Deputado Federal - PC do B,200,-15,-35,0,0,10,-132,28,769230,BA
silas camara (silas camara),Deputado Federal - PSD,-,-,-,-,-,-,-,NR,313633,AM
joao alberto pizzolatti junior (joao pizzolatti),Deputado Federal - PP,-,-,-,-,-,-,-,NR,1535639,SC
marco antonio feliciano (pastor marco feliciano),Deputado Federal - PSC,200,15,15,-30,-75,20,54,199,180607,SP
pedro fernandes ribeiro (pedro fernandes),Deputado Federal - PTB,200,75,50,0,-100,-10,-5,210,535886,MA
eduardo luiz barros barbosa (eduardo barbosa),Deputado Federal - PSDB,200,60,-25,0,-100,20,111,266,301079,MG
bruna dias furlan (bruna furlan),Deputado Federal - PSDB,200,40,15,0,-100,20,11,186,2538497,SP
waldir maranhao cardoso (waldir maranhao),Deputado Federal - PP,-,-,-,-,-,-,-,NR,820436,MA
janete rocha pieta (janete rocha pieta),Deputado Federal - PT,200,45,-30,0,0,20,-141,94,1564831,SP
luiz eduardo francisco da silva (dudu luiz eduardo),Deputado Federal - PSDC,-,-,-,-,-,-,-,NR,325635,RJ
sergio ivan moraes (sergio moraes),Deputado Federal - PTB,-,-,-,-,-,-,-,NR,549830,RS
fabio salustino mesquita de faria (fabio faria),Deputado Federal - PSD,200,-65,-25,0,0,10,-49,71,1290212,RN
elcione therezinha zahluth barbalho (elcione barbalho),Deputado Federal - PMDB,200,-65,-50,0,0,20,-82,23,321665,PA
maria gorete pereira (gorete pereira),Deputado Federal - PR,-,-,-,-,-,-,-,NR,266689,CE
aracely de paula (aracely de paula),Deputado Federal - PR,-,-,-,-,-,-,-,NR,829788,MG
fabio augusto ramalho dos santos (fabio ramalho),Deputado Federal - PV,200,-30,-10,-10,-25,0,-68,57,1377267,MG
luiz lindbergh farias filho (lindbergh farias),Senador - PT,-,Nao disponivel,-,-,-,-,-,NR,13035121,RJ
geraldo thadeu pedreira dos santos (geraldo thadeu),Deputado Federal - PSD,200,20,-40,0,-25,0,52,207,755462,MG
marcio costa macedo (marcio macedo),Deputado Federal - PT,200,40,-5,0,-50,20,32,237,1895978,SE
jarbas de andrade vasconcelos (jarbas vasconcelos),Senador - PMDB,200,Nao disponivel,-50,10,0,10,138,308,7895677,PE
raimundo gomes de matos (raimundo gomes de matos),Deputado Federal - PSDB,200,85,-55,0,-25,0,146,351,526209,CE
maria margarida martins salomao (margarida salomao),Deputado Federal - PT,200,70,65,10,0,0,-8,337,585788,MG
eliene jose de lima (eliene lima),Deputado Federal - PSD,-,-,-,-,-,-,-,NR,789496,MT
joao paulo lima e silva (joao paulo lima),Deputado Federal - PT,200,40,10,20,-225,20,13,78,1155291,PE
ciro nogueira lima filho (ciro nogueira),Senador - PP,-,Nao disponivel,-,-,-,-,-,NR,3009334,PI
luiz gonzaga ribeiro (subtenente gonzaga),Deputado Federal - PDT,200,5,95,0,0,10,0,310,115985,MG
luiz carlos ghiorzzi busato (luiz carlos busato),Deputado Federal - PTB,200,-50,55,0,0,10,-99,116,1114615,RS
marinha celia rocha raupp de matos (marinha raupp),Deputado Federal - PMDB,200,10,-25,0,-100,0,-75,10,650899,RO
ronaldo jose benedet (ronaldo benedet),Deputado Federal - PMDB,200,25,0,0,-50,0,62,237,481716,SC
roseane cavalcante de freitas (rosinha da adefal),Deputado Federal - PTdoB,200,-15,-5,0,-100,0,-24,56,126590,AL
antonio carlos martins de bulhoes (antonio bulhoes),Deputado Federal - PRB,200,55,-25,0,-100,0,-80,50,374501,SP
luiz henrique da silveira (luiz henrique),Senador - PMDB,-,Nao disponivel,-,-,-,-,-,NR,2734437,SC
francisco ariosto holanda (ariosto holanda),Deputado Federal - PROS,200,20,-35,0,-25,0,-135,25,487386,CE
decio nery de lima (decio lima),Deputado Federal - PT,-,-,-,-,-,-,-,NR,885698,SC
joao lucio magalhaes bifano (joao magalhaes),Deputado Federal - PMDB,-,-,-,-,-,-,-,NR,1339917,MG
waldemir moka miranda de britto (waldemir moka),Senador - PMDB,200,Nao disponivel,-5,10,0,20,-178,47,2743478,MS
geraldo magela pereira (magela),Deputado Federal - PT,-,-,-,-,-,-,-,NR,1028505,DF
jose almeida lima (almeida lima),Deputado Federal - PMDB,200,-65,-25,0,0,0,53,163,994849,SE
eleuses vieira de paiva (eleuses paiva),Deputado Federal - PSD,200,35,-5,0,-25,0,41,246,569520,SP
diego leonardo de andrade carvalho (diego andrade),Deputado Federal - PSD,200,0,10,0,0,10,12,232,1079953,MG
iriny nicolau corres lopes (iriny lopes),Deputado Federal - PT,200,-5,0,0,0,10,-97,108,1303155,ES
iracema maria portella nunes nogueira lima (iracema portella),Deputado Federal - PP,200,-50,5,0,-100,20,-18,57,534469,PI
renato delmar molling (renato molling),Deputado Federal - PP,200,-5,-30,0,-50,0,-83,32,973832,RS
gustavo lemos petta (gustavo petta),Deputado Federal - PCdoB,200,0,90,0,-125,0,-5,160,1091238,SP
marco aurelio ubiali (dr. ubiali),Deputado Federal - PSB,200,45,-15,10,0,0,-158,82,564554,SP
joao bittar junior (joao bittar),Deputado Federal - DEM,-,-,-,-,-,-,-,NR,1253023,MG
anselmo de jesus abreu (anselmo de jesus),Deputado Federal - PT,200,-30,0,0,-25,10,-117,38,411542,RO
ademir camilo prates rodrigues (ademir camilo),Deputado Federal - PROS,-,-,-,-,-,-,-,NR,992167,MG
enio egon bergmann bacci (enio bacci),Deputado Federal - PDT,200,-45,-40,0,-25,20,-28,82,288014,RS
nilton balbino (nilton capixaba),Deputado Federal - PTB,200,-15,-5,0,-225,10,57,22,307693,RO
andre luiz vargas ilario (andre vargas),Deputado Federal - PT,-,-,-,-,-,-,-,NR,1229966,PR
marcal goncalves leite filho (marcal filho),Deputado Federal - PMDB,200,35,-30,0,-125,-10,18,88,721284,MS
julio jose de campos (julio campos),Deputado Federal - DEM,-,-,-,-,-,-,-,NR,558731,MT
osmar gasparini terra (osmar terra),Deputado Federal - PMDB,200,-45,-5,0,-100,20,20,90,549168,RS
hugo napoleao do rego neto (hugo napoleao),Deputado Federal - PSD,200,20,5,0,-100,-20,55,160,1094157,PI
vicente ferreira de arruda coelho (vicente arruda),Deputado Federal - PROS,200,-85,-35,0,0,0,-45,35,184398,CE
aline lemos correa de oliveira andrade (aline correa),Deputado Federal - PP,-,-,-,-,-,-,-,NR,2181682,SP
eliseu lemos padilha (eliseu padilha),Deputado Federal - PMDB,-,-,-,-,-,-,-,NR,752497,RS
vander luiz dos santos loubet (vander loubet),Deputado Federal - PT,-,-,-,-,-,-,-,NR,2201554,MS
mariton benedito de holanda (padre ton),Deputado Federal - PT,200,45,-15,0,-225,20,22,47,168218,RO
bernardo de vasconcellos moreira (bernardo santana de vasconcellos),Deputado Federal - PR,200,5,15,0,-125,20,-11,104,3316763,MG
jose severiano chaves (jose chaves),Deputado Federal - PTB,200,-15,-30,0,0,-20,-20,115,1014472,PE
emiliano jose da silva filho (emiliano jose),Deputado Federal - PT,200,0,40,0,0,10,2,252,313631,BA
daniel gomes de almeida (daniel almeida),Deputado Federal - PCdoB,-,-,-,-,-,-,-,NR,855299,BA
geraldo simoes de oliveira (geraldo simoes),Deputado Federal - PT,-,-,-,-,-,-,-,NR,373600,BA
marcus vinicius caetano pestana da silva (marcus pestana),Deputado Federal - PSDB,200,-15,20,0,0,10,21,236,1468959,MG
jose carlos vaz de lima (vaz de lima),Deputado Federal - PSDB,200,45,15,0,0,20,13,293,1360413,SP
paulo wagner leite dantas (paulo wagner),Deputado Federal - PV,200,20,-10,0,0,20,5,235,273092,RN
stefano aguiar dos santos (stefano aguiar),Deputado Federal - PSB,200,-25,45,0,0,20,19,259,209325,MG
urzeni da rocha freitas filho (urzeni rocha),Deputado Federal - PSD,200,-80,-5,0,-175,-10,127,57,427375,RR
fernando bezerra de souza coelho filho (fernando coelho filho),Deputado Federal - PSB,200,-40,-30,0,0,20,-148,2,1311219,PE
eurico pinheiro bernardes junior (eurico junior),Deputado Federal - PV,200,30,55,0,-200,-20,-27,38,19562,RJ
pedro eugenio de castro toledo cabral (pedro eugenio),Deputado Federal - PT,200,10,-40,0,-25,0,-126,19,918626,PE
erivelton lima santana (erivelton santana),Deputado Federal - PSC,200,-40,10,0,-50,10,59,189,223248,BA
paulo roberto severo pimenta (paulo pimenta),Deputado Federal - PT,-,-,-,-,-,-,-,NR,861613,RS
bruno cavalcanti de araujo (bruno araujo),Deputado Federal - PSDB,200,-30,-45,0,0,20,191,336,1235434,PE
carlos alberto lopes (dr. carlos alberto),Deputado Federal - PMN,200,30,35,0,0,20,-73,212,759634,RJ
elvino jose bohn gass (bohn gass),Deputado Federal - PT,200,-25,5,0,0,20,-27,173,392145,RS
reginaldo lazaro de oliveira lopes (reginaldo lopes),Deputado Federal - PT,200,-25,-20,0,0,0,-135,20,1654068,MG
junji abe (junji abe),Deputado Federal - PSD,-,-,-,-,-,-,-,NR,412215,SP
aecio neves da cunha (aecio neves),Senador - PSDB,200,Nao disponivel,20,0,0,10,57,287,8436708,MG
newton lima neto (newton lima),Deputado Federal - PT,-,-,-,-,-,-,-,NR,2335933,SP
george hilton dos santos cecilio (george hilton),Deputado Federal - PRB,200,-20,-20,0,0,-20,-65,75,155902,MG
danilo jorge de barros cabral (danilo cabral),Deputado Federal - PSB,200,-20,100,0,0,10,-8,282,609981,PE
jorge de oliveira (zoinho),Deputado Federal - PR,200,70,20,0,-25,-20,19,264,154789,RJ
nelson vicente portela pellegrino (nelson pellegrino),Deputado Federal - PT,200,-40,0,0,0,0,-61,99,931394,BA
vital do rego filho (vital do rego),Senador - PMDB,200,Nao disponivel,0,0,-25,0,-10,165,2979624,PB
valdir raupp de matos (valdir raupp),Senador - PMDB,-,Nao disponivel,-,-,-,-,-,NR,3303917,RO
domingos francisco dutra filho (domingos dutra),Deputado Federal - SDD,-,-,-,-,-,-,-,NR,117832,MA
edson ezequiel de matos (edson ezequiel),Deputado Federal - PMDB,-,-,-,-,-,-,-,NR,1415683,RJ
benjamin gomes maranhao neto (benjamin maranhao),Deputado Federal - SDD,200,20,10,0,-125,10,43,158,232073,PB
damiao feliciano da silva (damiao feliciano),Deputado Federal - PDT,200,30,-30,0,0,-20,-123,57,508873,PB
fernando lucio giacobo (giacobo),Deputado Federal - PR,200,-40,-45,0,-25,0,-37,53,677455,PR
leandro vilela velloso (leandro vilela),Deputado Federal - PMDB,-,-,-,-,-,-,-,NR,1619827,GO
rubens bueno (rubens bueno),Deputado Federal - PPS,200,85,30,0,0,0,34,349,211211,PR
iris de araujo rezende machado (iris de araujo),Deputado Federal - PMDB,200,-10,-5,0,-25,20,-86,94,2217001,GO
rodrigo moreira ladeira grilo (dr. grilo),Deputado Federal - SDD,200,60,20,0,0,0,23,303,107238,MG
edson edinho coelho araujo (edinho araujo),Deputado Federal - PMDB,200,95,15,0,-300,-10,89,89,197926,SP
iolanda keiko miashiro ota (keiko ota),Deputado Federal - PSB,200,60,10,0,0,20,-24,266,88644,SP
mauro ribeiro lopes (mauro lopes),Deputado Federal - PMDB,200,-25,-25,0,0,10,2,162,971171,MG
joaquim de lira maia (lira maia),Deputado Federal - DEM,-,-,-,-,-,-,-,NR,431501,PA
magda mofatto hon (magda mofatto),Deputado Federal - PR,-,-,-,-,-,-,-,NR,1921956,GO
izalci lucas ferreira (izalci),Deputado Federal - PSDB,200,90,20,0,-150,-20,47,187,732524,DF
jose carlos vieira (jose carlos vieira),Deputado Federal - PR,200,0,75,0,-350,0,91,16,693863,SC
joao luiz correia argolo dos santos (luiz argolo),Deputado Federal - SDD,-,-,-,-,-,-,-,NR,266734,BA
marcio luiz franca gomes (marcio franca),Deputado Federal - PSB,200,-60,10,-5,-25,20,-71,69,2427560,SP
ricardo izar junior (ricardo izar),Deputado Federal - PSD,200,55,15,10,0,0,2,282,945304,SP
marllos rossano ribeiro goncalves de sampaio (marllos sampaio),Deputado Federal - PMDB,200,-45,-5,0,0,20,47,217,441608,PI
weliton fernandes prado (weliton prado),Deputado Federal - PT,200,55,25,-10,0,20,-1,289,1381850,MG
jose anibal peres de pontes (jose anibal),Deputado Federal - PSDB,200,-85,60,0,-100,-20,93,148,3146788,SP
wellington antonio fagundes (wellington fagundes),Deputado Federal - PR,200,-55,-5,0,-100,10,-39,11,2671512,MT
arnaldo faria de sa (arnaldo faria de sa),Deputado Federal - PTB,200,50,20,0,0,-30,26,266,1522732,SP
rubens moreira mendes filho (moreira mendes),Deputado Federal - PSD,-,-,-,-,-,-,-,NR,979021,RO
josue bengtson (josue bengtson),Deputado Federal - PTB,-,-,-,-,-,-,-,NR,514403,PA
maria perpetua de almeida (perpetua almeida),Deputado Federal - PCdoB,200,-20,-50,0,0,20,-111,39,349550,AC
carlos henrique focesi sampaio (carlos sampaio),Deputado Federal - PSDB,200,-40,10,0,-50,20,93,233,660205,SP
ivan valente (ivan valente),Deputado Federal - PSOL,200,80,-15,10,0,10,-61,224,153203,SP
colbert martins da silva filho (colbert martins),Deputado Federal - PMDB,-,-,-,-,-,-,-,NR,243679,BA
luis carlos heinze (luis carlos heinze),Deputado Federal - PP,200,45,-45,0,-25,0,-103,72,1360810,RS
walter de freitas pinheiro (walter pinheiro),Senador - PT,200,Nao disponivel,25,10,0,10,-109,136,2137346,BA
luiz paulo teixeira ferreira (paulo teixeira),Deputado Federal - PT,200,45,-25,0,-25,20,-141,74,3541732,SP
julio luiz baptista lopes (julio lopes),Deputado Federal - PP,200,-35,100,-30,-125,10,2,122,2867730,RJ
marcio miguel bittar (marcio bittar),Deputado Federal - PSDB,200,-60,0,0,0,0,53,193,317944,AC
welington coimbra (lelo coimbra),Deputado Federal - PMDB,200,-30,-20,0,0,20,-128,42,958201,ES
cesar roberto colnaghi (cesar colnago),Deputado Federal - PSDB,200,20,20,0,0,0,51,291,786935,ES
simao sessim (simao sessim),Deputado Federal - PP,200,45,-20,-10,0,-60,-72,83,943376,RJ
jorge ney viana macedo neves (jorge viana),Senador - PT,-,Nao disponivel,-,-,-,-,-,NR,47700,AC
flaviano flavio baptista de melo (flaviano melo),Deputado Federal - PMDB,-,-,-,-,-,-,-,NR,321770,AC
andre peixoto figueiredo lima (andre figueiredo),Deputado Federal - PDT,200,55,0,0,0,10,6,271,343215,CE
pedro paulo carvalho teixeira (pedro paulo),Deputado Federal - PMDB,200,0,100,0,0,10,24,334,1319129,RJ
giovanni correa queiroz (giovanni queiroz),Deputado Federal - PDT,-,-,-,-,-,-,-,NR,476578,PA
heuler abreu cruvinel (heuler cruvinel),Deputado Federal - PSD,200,5,10,0,0,20,11,246,2518161,GO
romero juca filho (romero juca),Senador - PMDB,-,Nao disponivel,-,-,-,-,-,NR,939728,RR
carlos eduardo torres gomes (eduardo gomes),Deputado Federal - SDD,-,-,-,-,-,-,-,NR,2043551,TO
laercio jose de oliveira (laercio oliveira),Deputado Federal - SDD,200,10,5,0,0,0,20,235,461529,SE
francisco das chagas francilino (francisco chagas),Deputado Federal - PT,200,40,75,0,-25,20,13,323,1062351,SP
protogenes pinheiro de queiroz (delegado protogenes),Deputado Federal - PCdoB,200,15,5,0,-225,20,18,33,729509,SP
jutahy magalhaes junior (jutahy junior),Deputado Federal - PSDB,200,-15,-35,0,0,0,142,292,2287668,BA
rodrigo sobral rollemberg (rodrigo rollemberg),Senador - PSB,200,Nao disponivel,100,10,-25,20,-180,125,1248282,DF
antonio carlos valadares filho (valadares filho),Deputado Federal - PSB,-,-,-,-,-,-,-,NR,279518,SE
jaime martins filho (jaime martins),Deputado Federal - PSD,200,5,-20,10,0,0,-75,120,852635,MG
jose wellington barroso de araujo dias (wellington dias),Senador - PT,200,Nao disponivel,-30,0,-150,20,-6,34,2177857,PI
leonardo lemos barros quintao (leonardo quintao),Deputado Federal - PMDB,-,-,-,-,-,-,-,NR,1145827,MG
marcos antonio medrado (marcos medrado),Deputado Federal - SDD,-,-,-,-,-,-,-,NR,401641,BA
joao ananias vasconcelos neto (joao ananias),Deputado Federal - PCdoB,200,-10,-10,0,0,10,-53,137,394281,CE
jefferson alves de campos (jefferson campos),Deputado Federal - PSD,-,-,-,-,-,-,-,NR,435707,SP
vinicius de azevedo gurgel (vinicius gurgel),Deputado Federal - PR,200,-125,-5,0,-25,0,27,72,108280,AP
eduardo cosentino da cunha (eduardo cunha),Deputado Federal - PMDB,-,-,-,-,-,-,-,NR,3035142,RJ
jesus rodrigues alves (jesus rodrigues),Deputado Federal - PT,200,75,0,0,0,10,26,311,350409,PI
francisco luiz escorcio lima (francisco escorcio),Deputado Federal - PMDB,200,5,5,0,-25,0,63,248,1261050,MA
ivo narciso cassol (ivo cassol),Senador - PP,-,Nao disponivel,-,-,-,-,-,NR,6388165,RO
jorge ricardo bittar (jorge bittar),Deputado Federal - PT,200,40,50,0,0,20,-100,210,1487960,RJ
raul jean louis henry junior (raul henry),Deputado Federal - PMDB,200,5,-45,0,0,20,123,303,831188,PE
jorge catarino leonardeli boeira (jorge boeira),Deputado Federal - PP,200,0,100,0,0,10,68,378,446614,SC
domingos gomes de aguiar neto (domingos neto),Deputado Federal - PROS,200,15,20,0,-100,10,-6,139,1112354,CE
jose vieira lins (ze vieira),Deputado Federal - PROS,-,-,-,-,-,-,-,NR,304091,MA
antonio eudes xavier (eudes xavier),Deputado Federal - PT,-,-,-,-,-,-,-,NR,247417,CE
lidice da mata e souza (lidice da mata),Senador - PSB,200,Nao disponivel,-15,0,-25,-10,-127,23,1911335,BA
vanessa grazziotin (vanessa grazziotin),Senador - PC do B,-,Nao disponivel,-,-,-,-,-,NR,3452838,AM
andreia almeida zito dos santos (andreia zito),Deputado Federal - PSDB,200,-85,-5,0,0,20,129,259,300928,RJ
carlos eduardo cintra da costa pereira (carlos eduardo cadoca),Deputado Federal - PCdoB,-,-,-,-,-,-,-,NR,721775,PE
valmir carlos da assuncao (valmir assuncao),Deputado Federal - PT,200,-10,5,0,-125,0,-9,61,512572,BA
mario feitoza de carvalho freitas (mario feitoza),Deputado Federal - PMDB,200,50,35,0,-25,10,18,288,1084375,CE
cristovam ricardo cavalcanti buarque (cristovam buarque),Senador - PDT,200,Nao disponivel,70,40,0,10,119,449,1737662,DF
genecias mateus noronha (genecias noronha),Deputado Federal - SDD,200,-30,5,0,-125,0,41,91,789653,CE
marcelo viviani goncalves (marcelo matos),Deputado Federal - PDT,200,20,20,0,-75,10,-22,153,226130,RJ
paulo roberto freire da costa (paulo freire),Deputado Federal - PR,200,10,10,0,0,10,47,277,1087045,SP
jose luiz stedile (jose stedile),Deputado Federal - PSB,200,85,-10,0,-200,10,-26,59,379803,RS
sebastiao ferreira da rocha (sebastiao bala rocha),Deputado Federal - SDD,-,-,-,-,-,-,-,NR,226532,AP
felipe leone bornier de oliveira (felipe bornier),Deputado Federal - PSD,200,50,-15,0,0,10,-74,171,345872,RJ
jader fontenelle barbalho (jader barbalho),Senador - PMDB,-,Nao disponivel,-,-,-,-,-,NR,1775733,PA
fabio ricardo trad (fabio trad),Deputado Federal - PMDB,200,90,15,10,0,0,54,369,565778,MS
jose alves rocha (jose rocha),Deputado Federal - PR,200,45,-35,0,0,0,-112,98,785149,BA
fernando dantas torres (fernando torres),Deputado Federal - PSD,200,5,25,-10,-125,-10,21,106,545445,BA
armando vergilio dos santos junior (armando vergilio),Deputado Federal - SSD,200,-30,30,-10,-100,0,68,158,2732266,GO
gastao dias vieira (gastao vieira),Deputado Federal - PMDB,200,20,60,0,0,-20,-26,234,802139,MA
carlos alberto de sousa rosado (betinho rosado),Deputado Federal - PP,-,-,-,-,-,-,-,NR,316284,RN
artur jose vieira bruno (artur bruno),Deputado Federal - PT,200,0,-5,0,0,20,15,230,263209,CE
paulo abi-ackel (paulo abi-ackel),Deputado Federal - PSDB,200,-65,-35,10,0,-10,139,239,2780005,MG
edio vieira lopes (edio lopes),Deputado Federal - PMDB,200,20,-50,0,0,10,-62,118,2244651,RR
jose saraiva felipe (saraiva felipe),Deputado Federal - PMDB,200,-55,-20,0,0,10,-65,70,2045758,MG
zacarias vilharba (vilalba),Deputado Federal - PP,200,25,10,0,-100,-10,-25,100,120449,PE
paulo roberto foletto (paulo foletto),Deputado Federal - PSB,200,65,10,0,0,20,-64,231,651044,ES
jose francisco paes landim (paes landim),Deputado Federal - PTB,200,-25,-45,0,0,-10,-69,51,1356242,PI
maria aparecida borghetti (cida borghetti),Deputado Federal - PROS,200,15,20,0,0,-10,1,226,1243757,PR
paulo fernando dos santos (paulao),Deputado Federal - PT,200,10,50,0,0,20,-7,273,663043,AL
antonio eustaquio andrade ferreira (antonio andrade),Deputado Federal - PMDB,200,10,0,0,-25,0,-141,44,908151,MG
raimundo sabino castelo branco maues (sabino castelo branco),Deputado Federal - PTB,-,-,-,-,-,-,-,NR,804540,AM
iraja silvestre filho (iraja abreu),Deputado Federal - PSD,200,-75,15,0,-25,10,-4,121,1551691,TO
atila freitas lira (atila lira),Deputado Federal - PSB,200,-15,55,0,0,-30,-137,73,650724,PI
ronaldo ramos caiado (ronaldo caiado),Deputado Federal - DEM,200,5,-15,10,-100,0,166,266,2381031,GO
carlos humberto mannato (manato),Deputado Federal - SDD,200,20,-30,0,0,0,-73,117,483347,ES
randolph frederich rodrigues alves (randolfe rodrigues),Senador - PSOL,200,Nao disponivel,-15,0,0,10,-17,178,189365,AP
edmar de souza arruda (edmar arruda),Deputado Federal - PSC,200,0,10,10,0,0,30,250,2221475,PR
raimundo coimbra junior (junior coimbra),Deputado Federal - PMDB,200,20,0,0,-100,20,63,203,791779,TO
jose barroso pimentel (jose pimentel),Senador - PT,200,Nao disponivel,-20,0,0,10,-123,67,4073323,CE
francisco de assis carvalho goncalves (assis carvalho),Deputado Federal - PT,-,-,-,-,-,-,-,NR,437445,PI
adrian mussi ramos (adrian),Deputado Federal - PMDB,200,-20,30,0,-100,10,35,155,1810423,RJ
flavia carreiro albuquerque morais (flavia morais),Deputado Federal - PDT,200,40,10,0,-25,10,1,236,2885311,GO
arthur de oliveira maia da silva (arthur oliveira maia),Deputado Federal - SDD,200,-10,10,0,-25,-20,59,214,528257,BA
onofre santo agustini (onofre santo agostini),Deputado Federal - PSD,200,80,10,0,-100,-10,52,232,642105,SC
celso maldaner (celso maldaner),Deputado Federal - PMDB,-,-,-,-,-,-,-,NR,514554,SC
onyx dornelles lorenzoni (onyx lorenzoni),Deputado Federal - DEM,200,-5,-40,0,0,0,72,227,1060233,RS
joao felipe de souza leao (joao leao),Deputado Federal - PP,200,-35,5,0,0,0,-67,103,841084,BA
arnaldo calil pereira jardim (arnaldo jardim),Deputado Federal - PPS,200,15,-25,0,0,10,85,285,2447385,SP
alexandre jose dos santos (alexandre santos),Deputado Federal - PMDB,200,0,0,0,-100,0,-39,61,1306770,RJ
fernando destito francischini (fernando francischini),Deputado Federal - SDD,200,-25,15,0,0,0,27,217,557122,PR
gilberto jose spier vargas (pepe vargas),Deputado Federal - PT,200,35,15,0,0,0,-150,100,412163,RS
manuela pinto vieira d'avila (manuela d'avila),Deputado Federal - PCdoB,200,-65,-20,10,0,0,-5,120,840496,RS
rodrigo felinto ibarra epitacio maia (rodrigo maia),Deputado Federal - DEM,200,-15,-15,0,0,-20,97,247,1804063,RJ
ana amelia de lemos (ana amelia),Senador - PP,200,Nao disponivel,60,10,0,20,-128,162,2643526,RS
jose renan vasconcelos calheiros (renan calheiros),Senador - PMDB,-,Nao disponivel,-,-,-,-,-,NR,5015840,AL
ricardo de rezende ferraco (ricardo ferraco),Senador - PMDB,200,Nao disponivel,30,0,0,-20,70,280,3650694,ES
miguel correa da silva junior (miguel correa),Deputado Federal - PT,200,-100,-15,0,0,10,-5,90,1368485,MG
jorginho dos santos mello (jorginho mello),Deputado Federal - PR,200,20,10,0,0,0,28,258,289996,SC
lincoln diniz portela (lincoln portela),Deputado Federal - PR,200,85,-35,20,-125,-10,-26,109,954725,MG
sergio zveiter (sergio zveiter),Deputado Federal - PSD,200,-40,75,-10,0,0,55,280,861933,RJ
marcos montes cordeiro (marcos montes),Deputado Federal - PSD,-,-,-,-,-,-,-,NR,1705911,MG
amir francisco lando (amir lando),Deputado Federal - PMDB,200,-115,70,0,0,20,45,220,365887,RO
rui costa dos santos (rui costa),Deputado Federal - PSDB,200,15,80,0,-50,20,-2,263,1031948,BA
jose nobre guimaraes (jose guimaraes),Deputado Federal - PT,-,-,-,-,-,-,-,NR,831030,CE
augusto rodrigues coutinho de melo (augusto coutinho),Deputado Federal - SDD,200,40,5,0,-50,0,-22,173,949993,PE
roberto requiao de mello e silva (roberto requiao),Senador - PMDB,200,Nao disponivel,10,10,-50,20,2,192,2039379,PR
